# David low-poly model v2.0.4
o linen_torso
v -18.000000 5.000000 -12.000000
v -18.000000 5.000000 12.000000
v -18.000000 55.000000 -12.000000
v -18.000000 55.000000 12.000000
v 18.000000 5.000000 -12.000000
v 18.000000 5.000000 12.000000
v 18.000000 55.000000 -12.000000
v 18.000000 55.000000 12.000000
f 2 4 1
f 5 2 1
f 1 4 3
f 3 5 1
f 2 8 4
f 6 2 5
f 6 8 2
f 4 8 3
f 7 5 3
f 3 8 7
f 7 6 5
f 8 6 7
o linen_robe
v 28.000000 -67.000000 0.000000
v 24.248711 -67.000000 14.000000
v 14.000000 -67.000000 24.248711
v 0.000000 -67.000000 28.000000
v -14.000000 -67.000000 24.248711
v -24.248711 -67.000000 14.000000
v -28.000000 -67.000000 0.000000
v -24.248711 -67.000000 -14.000000
v -14.000000 -67.000000 -24.248711
v -0.000000 -67.000000 -28.000000
v 14.000000 -67.000000 -24.248711
v 24.248711 -67.000000 -14.000000
v 19.000000 5.000000 0.000000
v 16.454483 5.000000 9.500000
v 9.500000 5.000000 16.454483
v 0.000000 5.000000 19.000000
v -9.500000 5.000000 16.454483
v -16.454483 5.000000 9.500000
v -19.000000 5.000000 0.000000
v -16.454483 5.000000 -9.500000
v -9.500000 5.000000 -16.454483
v -0.000000 5.000000 -19.000000
v 9.500000 5.000000 -16.454483
v 16.454483 5.000000 -9.500000
v 0.000000 -67.000000 0.000000
v 0.000000 5.000000 0.000000
f 9 10 22
f 9 22 21
f 33 9 10
f 34 22 21
f 10 11 23
f 10 23 22
f 33 10 11
f 34 23 22
f 11 12 24
f 11 24 23
f 33 11 12
f 34 24 23
f 12 13 25
f 12 25 24
f 33 12 13
f 34 25 24
f 13 14 26
f 13 26 25
f 33 13 14
f 34 26 25
f 14 15 27
f 14 27 26
f 33 14 15
f 34 27 26
f 15 16 28
f 15 28 27
f 33 15 16
f 34 28 27
f 16 17 29
f 16 29 28
f 33 16 17
f 34 29 28
f 17 18 30
f 17 30 29
f 33 17 18
f 34 30 29
f 18 19 31
f 18 31 30
f 33 18 19
f 34 31 30
f 19 20 32
f 19 32 31
f 33 19 20
f 34 32 31
f 20 9 21
f 20 21 32
f 33 20 9
f 34 21 32
o white_tallit_front
v -23.000000 -25.000000 13.000000
v -23.000000 -25.000000 16.000000
v -23.000000 41.000000 13.000000
v -23.000000 41.000000 16.000000
v 23.000000 -25.000000 13.000000
v 23.000000 -25.000000 16.000000
v 23.000000 41.000000 13.000000
v 23.000000 41.000000 16.000000
f 36 38 35
f 39 36 35
f 35 38 37
f 37 39 35
f 36 42 38
f 40 36 39
f 40 42 36
f 38 42 37
f 41 39 37
f 37 42 41
f 41 40 39
f 42 40 41
o white_tallit_back
v -23.000000 -25.000000 -16.000000
v -23.000000 -25.000000 -13.000000
v -23.000000 41.000000 -16.000000
v -23.000000 41.000000 -13.000000
v 23.000000 -25.000000 -16.000000
v 23.000000 -25.000000 -13.000000
v 23.000000 41.000000 -16.000000
v 23.000000 41.000000 -13.000000
f 44 46 43
f 47 44 43
f 43 46 45
f 45 47 43
f 44 50 46
f 48 44 47
f 48 50 44
f 46 50 45
f 49 47 45
f 45 50 49
f 49 48 47
f 50 48 49
o white_tallit_left_bridge
v -22.500000 33.000000 -14.500000
v -22.500000 33.000000 14.500000
v -22.500000 43.000000 -14.500000
v -22.500000 43.000000 14.500000
v -15.500000 33.000000 -14.500000
v -15.500000 33.000000 14.500000
v -15.500000 43.000000 -14.500000
v -15.500000 43.000000 14.500000
f 52 54 51
f 55 52 51
f 51 54 53
f 53 55 51
f 52 58 54
f 56 52 55
f 56 58 52
f 54 58 53
f 57 55 53
f 53 58 57
f 57 56 55
f 58 56 57
o white_tallit_right_bridge
v 15.500000 33.000000 -14.500000
v 15.500000 33.000000 14.500000
v 15.500000 43.000000 -14.500000
v 15.500000 43.000000 14.500000
v 22.500000 33.000000 -14.500000
v 22.500000 33.000000 14.500000
v 22.500000 43.000000 -14.500000
v 22.500000 43.000000 14.500000
f 60 62 59
f 63 60 59
f 59 62 61
f 61 63 59
f 60 66 62
f 64 60 63
f 64 66 60
f 62 66 61
f 65 63 61
f 61 66 65
f 65 64 63
f 66 64 65
o leather_belt
v 25.100000 -5.000000 0.000000
v 24.192031 -7.192031 0.000000
v 22.000000 -8.100000 0.000000
v 19.807969 -7.192031 0.000000
v 18.900000 -5.000000 0.000000
v 19.807969 -2.807969 -0.000000
v 22.000000 -1.900000 -0.000000
v 24.192031 -2.807969 -0.000000
v 23.871519 -5.000000 7.756327
v 23.007989 -7.192031 7.475749
v 20.923243 -8.100000 6.798374
v 18.838498 -7.192031 6.120999
v 17.974968 -5.000000 5.840421
v 18.838498 -2.807969 6.120999
v 20.923243 -1.900000 6.798374
v 23.007989 -2.807969 7.475749
v 20.306327 -5.000000 14.753410
v 19.571764 -7.192031 14.219719
v 17.798374 -8.100000 12.931276
v 16.024984 -7.192031 11.642832
v 15.290421 -5.000000 11.109141
v 16.024984 -2.807969 11.642832
v 17.798374 -1.900000 12.931276
v 19.571764 -2.807969 14.219719
v 14.753410 -5.000000 20.306327
v 14.219719 -7.192031 19.571764
v 12.931276 -8.100000 17.798374
v 11.642832 -7.192031 16.024984
v 11.109141 -5.000000 15.290421
v 11.642832 -2.807969 16.024984
v 12.931276 -1.900000 17.798374
v 14.219719 -2.807969 19.571764
v 7.756327 -5.000000 23.871519
v 7.475749 -7.192031 23.007989
v 6.798374 -8.100000 20.923243
v 6.120999 -7.192031 18.838498
v 5.840421 -5.000000 17.974968
v 6.120999 -2.807969 18.838498
v 6.798374 -1.900000 20.923243
v 7.475749 -2.807969 23.007989
v 0.000000 -5.000000 25.100000
v 0.000000 -7.192031 24.192031
v 0.000000 -8.100000 22.000000
v 0.000000 -7.192031 19.807969
v 0.000000 -5.000000 18.900000
v 0.000000 -2.807969 19.807969
v 0.000000 -1.900000 22.000000
v 0.000000 -2.807969 24.192031
v -7.756327 -5.000000 23.871519
v -7.475749 -7.192031 23.007989
v -6.798374 -8.100000 20.923243
v -6.120999 -7.192031 18.838498
v -5.840421 -5.000000 17.974968
v -6.120999 -2.807969 18.838498
v -6.798374 -1.900000 20.923243
v -7.475749 -2.807969 23.007989
v -14.753410 -5.000000 20.306327
v -14.219719 -7.192031 19.571764
v -12.931276 -8.100000 17.798374
v -11.642832 -7.192031 16.024984
v -11.109141 -5.000000 15.290421
v -11.642832 -2.807969 16.024984
v -12.931276 -1.900000 17.798374
v -14.219719 -2.807969 19.571764
v -20.306327 -5.000000 14.753410
v -19.571764 -7.192031 14.219719
v -17.798374 -8.100000 12.931276
v -16.024984 -7.192031 11.642832
v -15.290421 -5.000000 11.109141
v -16.024984 -2.807969 11.642832
v -17.798374 -1.900000 12.931276
v -19.571764 -2.807969 14.219719
v -23.871519 -5.000000 7.756327
v -23.007989 -7.192031 7.475749
v -20.923243 -8.100000 6.798374
v -18.838498 -7.192031 6.120999
v -17.974968 -5.000000 5.840421
v -18.838498 -2.807969 6.120999
v -20.923243 -1.900000 6.798374
v -23.007989 -2.807969 7.475749
v -25.100000 -5.000000 0.000000
v -24.192031 -7.192031 0.000000
v -22.000000 -8.100000 0.000000
v -19.807969 -7.192031 0.000000
v -18.900000 -5.000000 0.000000
v -19.807969 -2.807969 0.000000
v -22.000000 -1.900000 0.000000
v -24.192031 -2.807969 0.000000
v -23.871519 -5.000000 -7.756327
v -23.007989 -7.192031 -7.475749
v -20.923243 -8.100000 -6.798374
v -18.838498 -7.192031 -6.120999
v -17.974968 -5.000000 -5.840421
v -18.838498 -2.807969 -6.120999
v -20.923243 -1.900000 -6.798374
v -23.007989 -2.807969 -7.475749
v -20.306327 -5.000000 -14.753410
v -19.571764 -7.192031 -14.219719
v -17.798374 -8.100000 -12.931276
v -16.024984 -7.192031 -11.642832
v -15.290421 -5.000000 -11.109141
v -16.024984 -2.807969 -11.642832
v -17.798374 -1.900000 -12.931276
v -19.571764 -2.807969 -14.219719
v -14.753410 -5.000000 -20.306327
v -14.219719 -7.192031 -19.571764
v -12.931276 -8.100000 -17.798374
v -11.642832 -7.192031 -16.024984
v -11.109141 -5.000000 -15.290421
v -11.642832 -2.807969 -16.024984
v -12.931276 -1.900000 -17.798374
v -14.219719 -2.807969 -19.571764
v -7.756327 -5.000000 -23.871519
v -7.475749 -7.192031 -23.007989
v -6.798374 -8.100000 -20.923243
v -6.120999 -7.192031 -18.838498
v -5.840421 -5.000000 -17.974968
v -6.120999 -2.807969 -18.838498
v -6.798374 -1.900000 -20.923243
v -7.475749 -2.807969 -23.007989
v -0.000000 -5.000000 -25.100000
v -0.000000 -7.192031 -24.192031
v -0.000000 -8.100000 -22.000000
v -0.000000 -7.192031 -19.807969
v -0.000000 -5.000000 -18.900000
v -0.000000 -2.807969 -19.807969
v -0.000000 -1.900000 -22.000000
v -0.000000 -2.807969 -24.192031
v 7.756327 -5.000000 -23.871519
v 7.475749 -7.192031 -23.007989
v 6.798374 -8.100000 -20.923243
v 6.120999 -7.192031 -18.838498
v 5.840421 -5.000000 -17.974968
v 6.120999 -2.807969 -18.838498
v 6.798374 -1.900000 -20.923243
v 7.475749 -2.807969 -23.007989
v 14.753410 -5.000000 -20.306327
v 14.219719 -7.192031 -19.571764
v 12.931276 -8.100000 -17.798374
v 11.642832 -7.192031 -16.024984
v 11.109141 -5.000000 -15.290421
v 11.642832 -2.807969 -16.024984
v 12.931276 -1.900000 -17.798374
v 14.219719 -2.807969 -19.571764
v 20.306327 -5.000000 -14.753410
v 19.571764 -7.192031 -14.219719
v 17.798374 -8.100000 -12.931276
v 16.024984 -7.192031 -11.642832
v 15.290421 -5.000000 -11.109141
v 16.024984 -2.807969 -11.642832
v 17.798374 -1.900000 -12.931276
v 19.571764 -2.807969 -14.219719
v 23.871519 -5.000000 -7.756327
v 23.007989 -7.192031 -7.475749
v 20.923243 -8.100000 -6.798374
v 18.838498 -7.192031 -6.120999
v 17.974968 -5.000000 -5.840421
v 18.838498 -2.807969 -6.120999
v 20.923243 -1.900000 -6.798374
v 23.007989 -2.807969 -7.475749
f 67 75 68
f 68 75 76
f 68 76 69
f 69 76 77
f 69 77 70
f 70 77 78
f 70 78 71
f 71 78 79
f 71 79 72
f 72 79 80
f 72 80 73
f 73 80 81
f 73 81 74
f 74 81 82
f 74 82 67
f 67 82 75
f 75 83 76
f 76 83 84
f 76 84 77
f 77 84 85
f 77 85 78
f 78 85 86
f 78 86 79
f 79 86 87
f 79 87 80
f 80 87 88
f 80 88 81
f 81 88 89
f 81 89 82
f 82 89 90
f 82 90 75
f 75 90 83
f 83 91 84
f 84 91 92
f 84 92 85
f 85 92 93
f 85 93 86
f 86 93 94
f 86 94 87
f 87 94 95
f 87 95 88
f 88 95 96
f 88 96 89
f 89 96 97
f 89 97 90
f 90 97 98
f 90 98 83
f 83 98 91
f 91 99 92
f 92 99 100
f 92 100 93
f 93 100 101
f 93 101 94
f 94 101 102
f 94 102 95
f 95 102 103
f 95 103 96
f 96 103 104
f 96 104 97
f 97 104 105
f 97 105 98
f 98 105 106
f 98 106 91
f 91 106 99
f 99 107 100
f 100 107 108
f 100 108 101
f 101 108 109
f 101 109 102
f 102 109 110
f 102 110 103
f 103 110 111
f 103 111 104
f 104 111 112
f 104 112 105
f 105 112 113
f 105 113 106
f 106 113 114
f 106 114 99
f 99 114 107
f 107 115 108
f 108 115 116
f 108 116 109
f 109 116 117
f 109 117 110
f 110 117 118
f 110 118 111
f 111 118 119
f 111 119 112
f 112 119 120
f 112 120 113
f 113 120 121
f 113 121 114
f 114 121 122
f 114 122 107
f 107 122 115
f 115 123 116
f 116 123 124
f 116 124 117
f 117 124 125
f 117 125 118
f 118 125 126
f 118 126 119
f 119 126 127
f 119 127 120
f 120 127 128
f 120 128 121
f 121 128 129
f 121 129 122
f 122 129 130
f 122 130 115
f 115 130 123
f 123 131 124
f 124 131 132
f 124 132 125
f 125 132 133
f 125 133 126
f 126 133 134
f 126 134 127
f 127 134 135
f 127 135 128
f 128 135 136
f 128 136 129
f 129 136 137
f 129 137 130
f 130 137 138
f 130 138 123
f 123 138 131
f 131 139 132
f 132 139 140
f 132 140 133
f 133 140 141
f 133 141 134
f 134 141 142
f 134 142 135
f 135 142 143
f 135 143 136
f 136 143 144
f 136 144 137
f 137 144 145
f 137 145 138
f 138 145 146
f 138 146 131
f 131 146 139
f 139 147 140
f 140 147 148
f 140 148 141
f 141 148 149
f 141 149 142
f 142 149 150
f 142 150 143
f 143 150 151
f 143 151 144
f 144 151 152
f 144 152 145
f 145 152 153
f 145 153 146
f 146 153 154
f 146 154 139
f 139 154 147
f 147 155 148
f 148 155 156
f 148 156 149
f 149 156 157
f 149 157 150
f 150 157 158
f 150 158 151
f 151 158 159
f 151 159 152
f 152 159 160
f 152 160 153
f 153 160 161
f 153 161 154
f 154 161 162
f 154 162 147
f 147 162 155
f 155 163 156
f 156 163 164
f 156 164 157
f 157 164 165
f 157 165 158
f 158 165 166
f 158 166 159
f 159 166 167
f 159 167 160
f 160 167 168
f 160 168 161
f 161 168 169
f 161 169 162
f 162 169 170
f 162 170 155
f 155 170 163
f 163 171 164
f 164 171 172
f 164 172 165
f 165 172 173
f 165 173 166
f 166 173 174
f 166 174 167
f 167 174 175
f 167 175 168
f 168 175 176
f 168 176 169
f 169 176 177
f 169 177 170
f 170 177 178
f 170 178 163
f 163 178 171
f 171 179 172
f 172 179 180
f 172 180 173
f 173 180 181
f 173 181 174
f 174 181 182
f 174 182 175
f 175 182 183
f 175 183 176
f 176 183 184
f 176 184 177
f 177 184 185
f 177 185 178
f 178 185 186
f 178 186 171
f 171 186 179
f 179 187 180
f 180 187 188
f 180 188 181
f 181 188 189
f 181 189 182
f 182 189 190
f 182 190 183
f 183 190 191
f 183 191 184
f 184 191 192
f 184 192 185
f 185 192 193
f 185 193 186
f 186 193 194
f 186 194 179
f 179 194 187
f 187 195 188
f 188 195 196
f 188 196 189
f 189 196 197
f 189 197 190
f 190 197 198
f 190 198 191
f 191 198 199
f 191 199 192
f 192 199 200
f 192 200 193
f 193 200 201
f 193 201 194
f 194 201 202
f 194 202 187
f 187 202 195
f 195 203 196
f 196 203 204
f 196 204 197
f 197 204 205
f 197 205 198
f 198 205 206
f 198 206 199
f 199 206 207
f 199 207 200
f 200 207 208
f 200 208 201
f 201 208 209
f 201 209 202
f 202 209 210
f 202 210 195
f 195 210 203
f 203 211 204
f 204 211 212
f 204 212 205
f 205 212 213
f 205 213 206
f 206 213 214
f 206 214 207
f 207 214 215
f 207 215 208
f 208 215 216
f 208 216 209
f 209 216 217
f 209 217 210
f 210 217 218
f 210 218 203
f 203 218 211
f 211 219 212
f 212 219 220
f 212 220 213
f 213 220 221
f 213 221 214
f 214 221 222
f 214 222 215
f 215 222 223
f 215 223 216
f 216 223 224
f 216 224 217
f 217 224 225
f 217 225 218
f 218 225 226
f 218 226 211
f 211 226 219
f 219 67 220
f 220 67 68
f 220 68 221
f 221 68 69
f 221 69 222
f 222 69 70
f 222 70 223
f 223 70 71
f 223 71 224
f 224 71 72
f 224 72 225
f 225 72 73
f 225 73 226
f 226 73 74
f 226 74 219
f 219 74 67
o skin_neck
v 0.000000 53.000000 -6.500000
v 7.000000 53.000000 -6.500000
v 7.000000 53.000000 6.500000
v 0.000000 53.000000 6.500000
v 6.062178 56.500000 -6.500000
v 6.062178 56.500000 6.500000
v 3.500000 59.062178 -6.500000
v 3.500000 59.062178 6.500000
v 0.000000 60.000000 -6.500000
v 0.000000 60.000000 6.500000
v -3.500000 59.062178 -6.500000
v -3.500000 59.062178 6.500000
v -6.062178 56.500000 -6.500000
v -6.062178 56.500000 6.500000
v -7.000000 53.000000 -6.500000
v -7.000000 53.000000 6.500000
v -6.062178 49.500000 -6.500000
v -6.062178 49.500000 6.500000
v -3.500000 46.937822 -6.500000
v -3.500000 46.937822 6.500000
v -0.000000 46.000000 -6.500000
v -0.000000 46.000000 6.500000
v 3.500000 46.937822 -6.500000
v 3.500000 46.937822 6.500000
v 6.062178 49.500000 -6.500000
v 6.062178 49.500000 6.500000
f 228 227 231
f 228 231 229
f 229 231 232
f 229 232 230
f 231 227 233
f 231 233 232
f 232 233 234
f 232 234 230
f 233 227 235
f 233 235 234
f 234 235 236
f 234 236 230
f 235 227 237
f 235 237 236
f 236 237 238
f 236 238 230
f 237 227 239
f 237 239 238
f 238 239 240
f 238 240 230
f 239 227 241
f 239 241 240
f 240 241 242
f 240 242 230
f 241 227 243
f 241 243 242
f 242 243 244
f 242 244 230
f 243 227 245
f 243 245 244
f 244 245 246
f 244 246 230
f 245 227 247
f 245 247 246
f 246 247 248
f 246 248 230
f 247 227 249
f 247 249 248
f 248 249 250
f 248 250 230
f 249 227 251
f 249 251 250
f 250 251 252
f 250 252 230
f 251 227 228
f 251 228 252
f 252 228 229
f 252 229 230
o skin_head
v -7.065826 81.610413 0.000000
v 7.065826 81.610413 0.000000
v -7.065826 54.389587 0.000000
v 7.065826 54.389587 0.000000
v 0.000000 59.588302 11.160539
v 0.000000 76.411698 11.160539
v 0.000000 59.588302 -11.160539
v 0.000000 76.411698 -11.160539
v 11.432747 68.000000 -6.897592
v 11.432747 68.000000 6.897592
v -11.432747 68.000000 -6.897592
v -11.432747 68.000000 6.897592
v 0.000000 84.000000 0.000000
v 0.000000 52.000000 0.000000
v -4.153188 55.055728 6.560000
v 4.153188 55.055728 6.560000
v -4.153188 80.944272 6.560000
v 4.153188 80.944272 6.560000
v 0.000000 68.000000 13.120000
v -4.153188 55.055728 -6.560000
v 4.153188 55.055728 -6.560000
v -4.153188 80.944272 -6.560000
v 4.153188 80.944272 -6.560000
v 0.000000 68.000000 -13.120000
v 10.873188 76.000000 -4.054303
v 10.873188 60.000000 -4.054303
v 6.720000 63.055728 -10.614303
v 6.720000 72.944272 -10.614303
v 10.873188 76.000000 4.054303
v 10.873188 60.000000 4.054303
v 6.720000 63.055728 10.614303
v 6.720000 72.944272 10.614303
v 13.440000 68.000000 0.000000
v -10.873188 76.000000 -4.054303
v -10.873188 60.000000 -4.054303
v -6.720000 63.055728 -10.614303
v -6.720000 72.944272 -10.614303
v -10.873188 76.000000 4.054303
v -10.873188 60.000000 4.054303
v -6.720000 63.055728 10.614303
v -6.720000 72.944272 10.614303
v -13.440000 68.000000 0.000000
v -3.672702 83.391014 0.000000
v 3.672702 83.391014 0.000000
v -3.672702 52.608986 0.000000
v 3.672702 52.608986 0.000000
v -5.831462 54.197304 3.409782
v -2.158760 56.899512 9.210849
v -2.183460 52.783096 3.448796
v 5.831462 54.197304 3.409782
v 2.158760 56.899512 9.210849
v 2.183460 52.783096 3.448796
v 0.000000 54.389587 6.897592
v -5.831462 81.802696 3.409782
v -2.158760 79.100488 9.210849
v -2.183460 83.216904 3.448796
v 5.831462 81.802696 3.409782
v 2.158760 79.100488 9.210849
v 2.183460 83.216904 3.448796
v 0.000000 81.610413 6.897592
v 0.000000 63.627736 12.620631
v 0.000000 72.372264 12.620631
v -5.831462 54.197304 -3.409782
v -2.158760 56.899512 -9.210849
v -2.183460 52.783096 -3.448796
v 5.831462 54.197304 -3.409782
v 2.158760 56.899512 -9.210849
v 2.183460 52.783096 -3.448796
v 0.000000 54.389587 -6.897592
v -5.831462 81.802696 -3.409782
v -2.158760 79.100488 -9.210849
v -2.183460 83.216904 -3.448796
v 5.831462 81.802696 -3.409782
v 2.158760 79.100488 -9.210849
v 2.183460 83.216904 -3.448796
v 0.000000 81.610413 -6.897592
v 0.000000 63.627736 -12.620631
v 0.000000 72.372264 -12.620631
v 9.324410 79.232743 -2.107361
v 11.594264 72.158271 -5.692618
v 7.899834 79.011055 -5.580269
v 9.324410 56.767257 -2.107361
v 11.594264 63.841729 -5.692618
v 7.899834 56.988945 -5.580269
v 3.492947 61.057783 -11.318210
v 9.435504 65.430047 -9.102400
v 5.716373 58.595436 -9.029065
v 3.532913 65.400642 -12.477861
v 9.249287 61.194794 -7.711743
v 3.492947 74.942217 -11.318210
v 9.435504 70.569953 -9.102400
v 5.716373 77.404564 -9.029065
v 3.532913 70.599358 -12.477861
v 9.249287 74.805206 -7.711743
v 7.065826 68.000000 -11.160539
v 9.324410 79.232743 2.107361
v 11.594264 72.158271 5.692618
v 7.899834 79.011055 5.580269
v 11.432747 76.411698 0.000000
v 9.324410 56.767257 2.107361
v 11.594264 63.841729 5.692618
v 7.899834 56.988945 5.580269
v 11.432747 59.588302 0.000000
v 3.492947 61.057783 11.318210
v 9.435504 65.430047 9.102400
v 5.716373 58.595436 9.029065
v 3.532913 65.400642 12.477861
v 9.249287 61.194794 7.711743
v 3.492947 74.942217 11.318210
v 9.435504 70.569953 9.102400
v 5.716373 77.404564 9.029065
v 3.532913 70.599358 12.477861
v 9.249287 74.805206 7.711743
v 7.065826 68.000000 11.160539
v 12.928452 68.000000 -3.585257
v 12.928452 68.000000 3.585257
v 12.782200 72.205849 -2.131473
v 12.782200 63.794151 -2.131473
v 12.782200 72.205849 2.131473
v 12.782200 63.794151 2.131473
v -9.324410 79.232743 -2.107361
v -11.594264 72.158271 -5.692618
v -7.899834 79.011055 -5.580269
v -9.324410 56.767257 -2.107361
v -11.594264 63.841729 -5.692618
v -7.899834 56.988945 -5.580269
v -3.492947 61.057783 -11.318210
v -9.435504 65.430047 -9.102400
v -5.716373 58.595436 -9.029065
v -3.532913 65.400642 -12.477861
v -9.249287 61.194794 -7.711743
v -3.492947 74.942217 -11.318210
v -9.435504 70.569953 -9.102400
v -5.716373 77.404564 -9.029065
v -3.532913 70.599358 -12.477861
v -9.249287 74.805206 -7.711743
v -7.065826 68.000000 -11.160539
v -9.324410 79.232743 2.107361
v -11.594264 72.158271 5.692618
v -7.899834 79.011055 5.580269
v -11.432747 76.411698 0.000000
v -9.324410 56.767257 2.107361
v -11.594264 63.841729 5.692618
v -7.899834 56.988945 5.580269
v -11.432747 59.588302 0.000000
v -3.492947 61.057783 11.318210
v -9.435504 65.430047 9.102400
v -5.716373 58.595436 9.029065
v -3.532913 65.400642 12.477861
v -9.249287 61.194794 7.711743
v -3.492947 74.942217 11.318210
v -9.435504 70.569953 9.102400
v -5.716373 77.404564 9.029065
v -3.532913 70.599358 12.477861
v -9.249287 74.805206 7.711743
v -7.065826 68.000000 11.160539
v -12.928452 68.000000 -3.585257
v -12.928452 68.000000 3.585257
v -12.782200 72.205849 -2.131473
v -12.782200 63.794151 -2.131473
v -12.782200 72.205849 2.131473
v -12.782200 63.794151 2.131473
f 253 390 306
f 390 290 392
f 306 392 269
f 390 392 306
f 290 391 407
f 391 264 404
f 407 404 293
f 391 404 407
f 269 405 307
f 405 293 403
f 307 403 258
f 405 403 307
f 290 407 392
f 407 293 405
f 392 405 269
f 407 405 392
f 253 306 295
f 306 269 308
f 295 308 265
f 306 308 295
f 269 307 312
f 307 258 310
f 312 310 270
f 307 310 312
f 265 311 296
f 311 270 309
f 296 309 254
f 311 309 296
f 269 312 308
f 312 270 311
f 308 311 265
f 312 311 308
f 253 295 322
f 295 265 324
f 322 324 274
f 295 324 322
f 265 296 327
f 296 254 325
f 327 325 275
f 296 325 327
f 274 328 323
f 328 275 326
f 323 326 260
f 328 326 323
f 265 327 324
f 327 275 328
f 324 328 274
f 327 328 324
f 253 322 373
f 322 274 375
f 373 375 286
f 322 375 373
f 274 323 386
f 323 260 384
f 386 384 289
f 323 384 386
f 286 388 374
f 388 289 385
f 374 385 263
f 388 385 374
f 274 386 375
f 386 289 388
f 375 388 286
f 386 388 375
f 253 373 390
f 373 286 393
f 390 393 290
f 373 393 390
f 286 374 411
f 374 263 409
f 411 409 294
f 374 409 411
f 290 413 391
f 413 294 410
f 391 410 264
f 413 410 391
f 286 411 393
f 411 294 413
f 393 413 290
f 411 413 393
f 254 309 348
f 309 270 350
f 348 350 281
f 309 350 348
f 270 310 363
f 310 258 361
f 363 361 284
f 310 361 363
f 281 365 349
f 365 284 362
f 349 362 262
f 365 362 349
f 270 363 350
f 363 284 365
f 350 365 281
f 363 365 350
f 258 403 314
f 403 293 406
f 314 406 271
f 403 406 314
f 293 404 408
f 404 264 399
f 408 399 292
f 404 399 408
f 271 401 313
f 401 292 398
f 313 398 257
f 401 398 313
f 293 408 406
f 408 292 401
f 406 401 271
f 408 401 406
f 264 410 395
f 410 294 414
f 395 414 291
f 410 414 395
f 294 409 412
f 409 263 377
f 412 377 287
f 409 377 412
f 291 397 394
f 397 287 376
f 394 376 255
f 397 376 394
f 294 412 414
f 412 287 397
f 414 397 291
f 412 397 414
f 263 385 380
f 385 289 389
f 380 389 288
f 385 389 380
f 289 384 387
f 384 260 330
f 387 330 276
f 384 330 387
f 288 382 379
f 382 276 329
f 379 329 259
f 382 329 379
f 289 387 389
f 387 276 382
f 389 382 288
f 387 382 389
f 260 326 342
f 326 275 344
f 342 344 280
f 326 344 342
f 275 325 333
f 325 254 331
f 333 331 277
f 325 331 333
f 280 346 343
f 346 277 332
f 343 332 261
f 346 332 343
f 275 333 344
f 333 277 346
f 344 346 280
f 333 346 344
f 256 352 302
f 352 282 354
f 302 354 268
f 352 354 302
f 282 353 360
f 353 262 357
f 360 357 283
f 353 357 360
f 268 358 303
f 358 283 356
f 303 356 257
f 358 356 303
f 282 360 354
f 360 283 358
f 354 358 268
f 360 358 354
f 256 302 298
f 302 268 304
f 298 304 266
f 302 304 298
f 268 303 305
f 303 257 300
f 305 300 267
f 303 300 305
f 266 301 297
f 301 267 299
f 297 299 255
f 301 299 297
f 268 305 304
f 305 267 301
f 304 301 266
f 305 301 304
f 256 298 318
f 298 266 320
f 318 320 273
f 298 320 318
f 266 297 317
f 297 255 315
f 317 315 272
f 297 315 317
f 273 321 319
f 321 272 316
f 319 316 259
f 321 316 319
f 266 317 320
f 317 272 321
f 320 321 273
f 317 321 320
f 256 318 334
f 318 273 336
f 334 336 278
f 318 336 334
f 273 319 339
f 319 259 337
f 339 337 279
f 319 337 339
f 278 341 335
f 341 279 338
f 335 338 261
f 341 338 335
f 273 339 336
f 339 279 341
f 336 341 278
f 339 341 336
f 256 334 352
f 334 278 355
f 352 355 282
f 334 355 352
f 278 335 370
f 335 261 367
f 370 367 285
f 335 367 370
f 282 372 353
f 372 285 368
f 353 368 262
f 372 368 353
f 278 370 355
f 370 285 372
f 355 372 282
f 370 372 355
f 257 356 313
f 356 283 359
f 313 359 271
f 356 359 313
f 283 357 366
f 357 262 362
f 366 362 284
f 357 362 366
f 271 364 314
f 364 284 361
f 314 361 258
f 364 361 314
f 283 366 359
f 366 284 364
f 359 364 271
f 366 364 359
f 255 299 394
f 299 267 396
f 394 396 291
f 299 396 394
f 267 300 400
f 300 257 398
f 400 398 292
f 300 398 400
f 291 402 395
f 402 292 399
f 395 399 264
f 402 399 395
f 267 400 396
f 400 292 402
f 396 402 291
f 400 402 396
f 259 316 379
f 316 272 381
f 379 381 288
f 316 381 379
f 272 315 378
f 315 255 376
f 378 376 287
f 315 376 378
f 288 383 380
f 383 287 377
f 380 377 263
f 383 377 380
f 272 378 381
f 378 287 383
f 381 383 288
f 378 383 381
f 261 338 343
f 338 279 347
f 343 347 280
f 338 347 343
f 279 337 340
f 337 259 329
f 340 329 276
f 337 329 340
f 280 345 342
f 345 276 330
f 342 330 260
f 345 330 342
f 279 340 347
f 340 276 345
f 347 345 280
f 340 345 347
f 262 368 349
f 368 285 371
f 349 371 281
f 368 371 349
f 285 367 369
f 367 261 332
f 369 332 277
f 367 332 369
f 281 351 348
f 351 277 331
f 348 331 254
f 351 331 348
f 285 369 371
f 369 277 351
f 371 351 281
f 369 351 371
o skin_nose
v -2.250000 62.500000 12.000000
v -2.250000 62.500000 18.000000
v -2.250000 69.500000 12.000000
v -2.250000 69.500000 18.000000
v 2.250000 62.500000 12.000000
v 2.250000 62.500000 18.000000
v 2.250000 69.500000 12.000000
v 2.250000 69.500000 18.000000
f 416 418 415
f 419 416 415
f 415 418 417
f 417 419 415
f 416 422 418
f 420 416 419
f 420 422 416
f 418 422 417
f 421 419 417
f 417 422 421
f 421 420 419
f 422 420 421
o dark_eye
v -22.648775 68.162255 13.750000
v -22.648775 68.162255 16.250000
v -22.999275 70.334155 13.750000
v -22.999275 70.334155 16.250000
v -13.763729 69.596119 13.750000
v -13.763729 69.596119 16.250000
v -14.114229 71.768019 13.750000
v -14.114229 71.768019 16.250000
f 424 426 423
f 427 424 423
f 423 426 425
f 425 427 423
f 424 430 426
f 428 424 427
f 428 430 424
f 426 430 425
f 429 427 425
f 425 430 429
f 429 428 427
f 430 428 429
o dark_eye
v 13.763729 69.596119 13.750000
v 13.763729 69.596119 16.250000
v 14.114229 71.768019 13.750000
v 14.114229 71.768019 16.250000
v 22.648775 68.162255 13.750000
v 22.648775 68.162255 16.250000
v 22.999275 70.334155 13.750000
v 22.999275 70.334155 16.250000
f 432 434 431
f 435 432 431
f 431 434 433
f 433 435 431
f 432 438 434
f 436 432 435
f 436 438 432
f 434 438 433
f 437 435 433
f 433 438 437
f 437 436 435
f 438 436 437
o red_hair_curl
v 12.090049 84.717197 11.236249
v 17.662799 84.717197 11.236249
v 12.090049 75.700298 11.236249
v 17.662799 75.700298 11.236249
v 14.876424 77.422372 15.068431
v 14.876424 82.995122 15.068431
v 14.876424 77.422372 7.404067
v 14.876424 82.995122 7.404067
v 19.384873 80.208747 8.867830
v 19.384873 80.208747 13.604668
v 10.367974 80.208747 8.867830
v 10.367974 80.208747 13.604668
v 14.876424 85.508747 11.236249
v 14.876424 74.908747 11.236249
v 13.238634 75.920957 13.488749
v 16.514214 75.920957 13.488749
v 13.238634 84.496537 13.488749
v 16.514214 84.496537 13.488749
v 14.876424 80.208747 15.741249
v 13.238634 75.920957 8.983749
v 16.514214 75.920957 8.983749
v 13.238634 84.496537 8.983749
v 16.514214 84.496537 8.983749
v 14.876424 80.208747 6.731249
v 19.164214 82.858747 9.844128
v 19.164214 77.558747 9.844128
v 17.526424 78.570957 7.591628
v 17.526424 81.846537 7.591628
v 19.164214 82.858747 12.628371
v 19.164214 77.558747 12.628371
v 17.526424 78.570957 14.880871
v 17.526424 81.846537 14.880871
v 20.176424 80.208747 11.236249
v 10.588634 82.858747 9.844128
v 10.588634 77.558747 9.844128
v 12.226424 78.570957 7.591628
v 12.226424 81.846537 7.591628
v 10.588634 82.858747 12.628371
v 10.588634 77.558747 12.628371
v 12.226424 78.570957 14.880871
v 12.226424 81.846537 14.880871
v 9.576424 80.208747 11.236249
f 439 476 455
f 476 450 479
f 455 479 444
f 476 479 455
f 439 455 451
f 455 444 456
f 451 456 440
f 455 456 451
f 439 451 460
f 451 440 461
f 460 461 446
f 451 461 460
f 439 460 472
f 460 446 475
f 472 475 449
f 460 475 472
f 439 472 476
f 472 449 480
f 476 480 450
f 472 480 476
f 440 456 467
f 456 444 470
f 467 470 448
f 456 470 467
f 444 479 457
f 479 450 478
f 457 478 443
f 479 478 457
f 450 480 477
f 480 449 473
f 477 473 441
f 480 473 477
f 449 475 474
f 475 446 462
f 474 462 445
f 475 462 474
f 446 461 466
f 461 440 463
f 466 463 447
f 461 463 466
f 442 468 454
f 468 448 469
f 454 469 443
f 468 469 454
f 442 454 452
f 454 443 453
f 452 453 441
f 454 453 452
f 442 452 459
f 452 441 458
f 459 458 445
f 452 458 459
f 442 459 464
f 459 445 465
f 464 465 447
f 459 465 464
f 442 464 468
f 464 447 471
f 468 471 448
f 464 471 468
f 443 469 457
f 469 448 470
f 457 470 444
f 469 470 457
f 441 453 477
f 453 443 478
f 477 478 450
f 453 478 477
f 445 458 474
f 458 441 473
f 474 473 449
f 458 473 474
f 447 465 466
f 465 445 462
f 466 462 446
f 465 462 466
f 448 471 467
f 471 447 463
f 467 463 440
f 471 463 467
o red_hair_curl
v 11.119048 85.476384 11.489312
v 16.691798 85.476384 11.489312
v 11.119048 76.459486 11.489312
v 16.691798 76.459486 11.489312
v 13.905423 78.181560 15.321494
v 13.905423 83.754310 15.321494
v 13.905423 78.181560 7.657130
v 13.905423 83.754310 7.657130
v 18.413872 80.967935 9.120893
v 18.413872 80.967935 13.857730
v 9.396974 80.967935 9.120893
v 9.396974 80.967935 13.857730
v 13.905423 86.267935 11.489312
v 13.905423 75.667935 11.489312
v 12.267633 76.680145 13.741812
v 15.543213 76.680145 13.741812
v 12.267633 85.255725 13.741812
v 15.543213 85.255725 13.741812
v 13.905423 80.967935 15.994312
v 12.267633 76.680145 9.236812
v 15.543213 76.680145 9.236812
v 12.267633 85.255725 9.236812
v 15.543213 85.255725 9.236812
v 13.905423 80.967935 6.984312
v 18.193213 83.617935 10.097190
v 18.193213 78.317935 10.097190
v 16.555423 79.330145 7.844690
v 16.555423 82.605725 7.844690
v 18.193213 83.617935 12.881433
v 18.193213 78.317935 12.881433
v 16.555423 79.330145 15.133933
v 16.555423 82.605725 15.133933
v 19.205423 80.967935 11.489312
v 9.617633 83.617935 10.097190
v 9.617633 78.317935 10.097190
v 11.255423 79.330145 7.844690
v 11.255423 82.605725 7.844690
v 9.617633 83.617935 12.881433
v 9.617633 78.317935 12.881433
v 11.255423 79.330145 15.133933
v 11.255423 82.605725 15.133933
v 8.605423 80.967935 11.489312
f 481 518 497
f 518 492 521
f 497 521 486
f 518 521 497
f 481 497 493
f 497 486 498
f 493 498 482
f 497 498 493
f 481 493 502
f 493 482 503
f 502 503 488
f 493 503 502
f 481 502 514
f 502 488 517
f 514 517 491
f 502 517 514
f 481 514 518
f 514 491 522
f 518 522 492
f 514 522 518
f 482 498 509
f 498 486 512
f 509 512 490
f 498 512 509
f 486 521 499
f 521 492 520
f 499 520 485
f 521 520 499
f 492 522 519
f 522 491 515
f 519 515 483
f 522 515 519
f 491 517 516
f 517 488 504
f 516 504 487
f 517 504 516
f 488 503 508
f 503 482 505
f 508 505 489
f 503 505 508
f 484 510 496
f 510 490 511
f 496 511 485
f 510 511 496
f 484 496 494
f 496 485 495
f 494 495 483
f 496 495 494
f 484 494 501
f 494 483 500
f 501 500 487
f 494 500 501
f 484 501 506
f 501 487 507
f 506 507 489
f 501 507 506
f 484 506 510
f 506 489 513
f 510 513 490
f 506 513 510
f 485 511 499
f 511 490 512
f 499 512 486
f 511 512 499
f 483 495 519
f 495 485 520
f 519 520 492
f 495 520 519
f 487 500 516
f 500 483 515
f 516 515 491
f 500 515 516
f 489 507 508
f 507 487 504
f 508 504 488
f 507 504 508
f 490 513 509
f 513 489 505
f 509 505 482
f 513 505 509
o red_hair_curl
v 9.874206 86.177124 11.722892
v 15.446956 86.177124 11.722892
v 9.874206 77.160226 11.722892
v 15.446956 77.160226 11.722892
v 12.660581 78.882300 15.555074
v 12.660581 84.455050 15.555074
v 12.660581 78.882300 7.890710
v 12.660581 84.455050 7.890710
v 17.169030 81.668675 9.354473
v 17.169030 81.668675 14.091310
v 8.152132 81.668675 9.354473
v 8.152132 81.668675 14.091310
v 12.660581 86.968675 11.722892
v 12.660581 76.368675 11.722892
v 11.022791 77.380885 13.975392
v 14.298371 77.380885 13.975392
v 11.022791 85.956465 13.975392
v 14.298371 85.956465 13.975392
v 12.660581 81.668675 16.227892
v 11.022791 77.380885 9.470392
v 14.298371 77.380885 9.470392
v 11.022791 85.956465 9.470392
v 14.298371 85.956465 9.470392
v 12.660581 81.668675 7.217892
v 16.948371 84.318675 10.330770
v 16.948371 79.018675 10.330770
v 15.310581 80.030885 8.078270
v 15.310581 83.306465 8.078270
v 16.948371 84.318675 13.115013
v 16.948371 79.018675 13.115013
v 15.310581 80.030885 15.367513
v 15.310581 83.306465 15.367513
v 17.960581 81.668675 11.722892
v 8.372791 84.318675 10.330770
v 8.372791 79.018675 10.330770
v 10.010581 80.030885 8.078270
v 10.010581 83.306465 8.078270
v 8.372791 84.318675 13.115013
v 8.372791 79.018675 13.115013
v 10.010581 80.030885 15.367513
v 10.010581 83.306465 15.367513
v 7.360581 81.668675 11.722892
f 523 560 539
f 560 534 563
f 539 563 528
f 560 563 539
f 523 539 535
f 539 528 540
f 535 540 524
f 539 540 535
f 523 535 544
f 535 524 545
f 544 545 530
f 535 545 544
f 523 544 556
f 544 530 559
f 556 559 533
f 544 559 556
f 523 556 560
f 556 533 564
f 560 564 534
f 556 564 560
f 524 540 551
f 540 528 554
f 551 554 532
f 540 554 551
f 528 563 541
f 563 534 562
f 541 562 527
f 563 562 541
f 534 564 561
f 564 533 557
f 561 557 525
f 564 557 561
f 533 559 558
f 559 530 546
f 558 546 529
f 559 546 558
f 530 545 550
f 545 524 547
f 550 547 531
f 545 547 550
f 526 552 538
f 552 532 553
f 538 553 527
f 552 553 538
f 526 538 536
f 538 527 537
f 536 537 525
f 538 537 536
f 526 536 543
f 536 525 542
f 543 542 529
f 536 542 543
f 526 543 548
f 543 529 549
f 548 549 531
f 543 549 548
f 526 548 552
f 548 531 555
f 552 555 532
f 548 555 552
f 527 553 541
f 553 532 554
f 541 554 528
f 553 554 541
f 525 537 561
f 537 527 562
f 561 562 534
f 537 562 561
f 529 542 558
f 542 525 557
f 558 557 533
f 542 557 558
f 531 549 550
f 549 529 546
f 550 546 530
f 549 546 550
f 532 555 551
f 555 531 547
f 551 547 524
f 555 547 551
o red_hair_curl
v 8.380037 86.805616 11.932389
v 13.952787 86.805616 11.932389
v 8.380037 77.788718 11.932389
v 13.952787 77.788718 11.932389
v 11.166412 79.510792 15.764571
v 11.166412 85.083542 15.764571
v 11.166412 79.510792 8.100207
v 11.166412 85.083542 8.100207
v 15.674861 82.297167 9.563970
v 15.674861 82.297167 14.300808
v 6.657963 82.297167 9.563970
v 6.657963 82.297167 14.300808
v 11.166412 87.597167 11.932389
v 11.166412 76.997167 11.932389
v 9.528622 78.009377 14.184889
v 12.804202 78.009377 14.184889
v 9.528622 86.584957 14.184889
v 12.804202 86.584957 14.184889
v 11.166412 82.297167 16.437389
v 9.528622 78.009377 9.679889
v 12.804202 78.009377 9.679889
v 9.528622 86.584957 9.679889
v 12.804202 86.584957 9.679889
v 11.166412 82.297167 7.427389
v 15.454202 84.947167 10.540267
v 15.454202 79.647167 10.540267
v 13.816412 80.659377 8.287767
v 13.816412 83.934957 8.287767
v 15.454202 84.947167 13.324511
v 15.454202 79.647167 13.324511
v 13.816412 80.659377 15.577011
v 13.816412 83.934957 15.577011
v 16.466412 82.297167 11.932389
v 6.878622 84.947167 10.540267
v 6.878622 79.647167 10.540267
v 8.516412 80.659377 8.287767
v 8.516412 83.934957 8.287767
v 6.878622 84.947167 13.324511
v 6.878622 79.647167 13.324511
v 8.516412 80.659377 15.577011
v 8.516412 83.934957 15.577011
v 5.866412 82.297167 11.932389
f 565 602 581
f 602 576 605
f 581 605 570
f 602 605 581
f 565 581 577
f 581 570 582
f 577 582 566
f 581 582 577
f 565 577 586
f 577 566 587
f 586 587 572
f 577 587 586
f 565 586 598
f 586 572 601
f 598 601 575
f 586 601 598
f 565 598 602
f 598 575 606
f 602 606 576
f 598 606 602
f 566 582 593
f 582 570 596
f 593 596 574
f 582 596 593
f 570 605 583
f 605 576 604
f 583 604 569
f 605 604 583
f 576 606 603
f 606 575 599
f 603 599 567
f 606 599 603
f 575 601 600
f 601 572 588
f 600 588 571
f 601 588 600
f 572 587 592
f 587 566 589
f 592 589 573
f 587 589 592
f 568 594 580
f 594 574 595
f 580 595 569
f 594 595 580
f 568 580 578
f 580 569 579
f 578 579 567
f 580 579 578
f 568 578 585
f 578 567 584
f 585 584 571
f 578 584 585
f 568 585 590
f 585 571 591
f 590 591 573
f 585 591 590
f 568 590 594
f 590 573 597
f 594 597 574
f 590 597 594
f 569 595 583
f 595 574 596
f 583 596 570
f 595 596 583
f 567 579 603
f 579 569 604
f 603 604 576
f 579 604 603
f 571 584 600
f 584 567 599
f 600 599 575
f 584 599 600
f 573 591 592
f 591 571 588
f 592 588 572
f 591 588 592
f 574 597 593
f 597 573 589
f 593 589 566
f 597 589 593
o red_hair_curl
v 6.665967 87.349483 12.113678
v 12.238717 87.349483 12.113678
v 6.665967 78.332585 12.113678
v 12.238717 78.332585 12.113678
v 9.452342 80.054659 15.945860
v 9.452342 85.627409 15.945860
v 9.452342 80.054659 8.281496
v 9.452342 85.627409 8.281496
v 13.960791 82.841034 9.745259
v 13.960791 82.841034 14.482097
v 4.943892 82.841034 9.745259
v 4.943892 82.841034 14.482097
v 9.452342 88.141034 12.113678
v 9.452342 77.541034 12.113678
v 7.814552 78.553244 14.366178
v 11.090132 78.553244 14.366178
v 7.814552 87.128824 14.366178
v 11.090132 87.128824 14.366178
v 9.452342 82.841034 16.618678
v 7.814552 78.553244 9.861178
v 11.090132 78.553244 9.861178
v 7.814552 87.128824 9.861178
v 11.090132 87.128824 9.861178
v 9.452342 82.841034 7.608678
v 13.740132 85.491034 10.721556
v 13.740132 80.191034 10.721556
v 12.102342 81.203244 8.469056
v 12.102342 84.478824 8.469056
v 13.740132 85.491034 13.505800
v 13.740132 80.191034 13.505800
v 12.102342 81.203244 15.758300
v 12.102342 84.478824 15.758300
v 14.752342 82.841034 12.113678
v 5.164552 85.491034 10.721556
v 5.164552 80.191034 10.721556
v 6.802342 81.203244 8.469056
v 6.802342 84.478824 8.469056
v 5.164552 85.491034 13.505800
v 5.164552 80.191034 13.505800
v 6.802342 81.203244 15.758300
v 6.802342 84.478824 15.758300
v 4.152342 82.841034 12.113678
f 607 644 623
f 644 618 647
f 623 647 612
f 644 647 623
f 607 623 619
f 623 612 624
f 619 624 608
f 623 624 619
f 607 619 628
f 619 608 629
f 628 629 614
f 619 629 628
f 607 628 640
f 628 614 643
f 640 643 617
f 628 643 640
f 607 640 644
f 640 617 648
f 644 648 618
f 640 648 644
f 608 624 635
f 624 612 638
f 635 638 616
f 624 638 635
f 612 647 625
f 647 618 646
f 625 646 611
f 647 646 625
f 618 648 645
f 648 617 641
f 645 641 609
f 648 641 645
f 617 643 642
f 643 614 630
f 642 630 613
f 643 630 642
f 614 629 634
f 629 608 631
f 634 631 615
f 629 631 634
f 610 636 622
f 636 616 637
f 622 637 611
f 636 637 622
f 610 622 620
f 622 611 621
f 620 621 609
f 622 621 620
f 610 620 627
f 620 609 626
f 627 626 613
f 620 626 627
f 610 627 632
f 627 613 633
f 632 633 615
f 627 633 632
f 610 632 636
f 632 615 639
f 636 639 616
f 632 639 636
f 611 637 625
f 637 616 638
f 625 638 612
f 637 638 625
f 609 621 645
f 621 611 646
f 645 646 618
f 621 646 645
f 613 626 642
f 626 609 641
f 642 641 617
f 626 641 642
f 615 633 634
f 633 613 630
f 634 630 614
f 633 630 634
f 616 639 635
f 639 615 631
f 635 631 608
f 639 631 635
o red_hair_curl
v 4.765750 87.798016 12.263189
v 10.338500 87.798016 12.263189
v 4.765750 78.781117 12.263189
v 10.338500 78.781117 12.263189
v 7.552125 80.503191 16.095371
v 7.552125 86.075941 16.095371
v 7.552125 80.503191 8.431007
v 7.552125 86.075941 8.431007
v 12.060574 83.289566 9.894770
v 12.060574 83.289566 14.631607
v 3.043675 83.289566 9.894770
v 3.043675 83.289566 14.631607
v 7.552125 88.589566 12.263189
v 7.552125 77.989566 12.263189
v 5.914335 79.001776 14.515689
v 9.189915 79.001776 14.515689
v 5.914335 87.577356 14.515689
v 9.189915 87.577356 14.515689
v 7.552125 83.289566 16.768189
v 5.914335 79.001776 10.010689
v 9.189915 79.001776 10.010689
v 5.914335 87.577356 10.010689
v 9.189915 87.577356 10.010689
v 7.552125 83.289566 7.758189
v 11.839915 85.939566 10.871067
v 11.839915 80.639566 10.871067
v 10.202125 81.651776 8.618567
v 10.202125 84.927356 8.618567
v 11.839915 85.939566 13.655310
v 11.839915 80.639566 13.655310
v 10.202125 81.651776 15.907810
v 10.202125 84.927356 15.907810
v 12.852125 83.289566 12.263189
v 3.264335 85.939566 10.871067
v 3.264335 80.639566 10.871067
v 4.902125 81.651776 8.618567
v 4.902125 84.927356 8.618567
v 3.264335 85.939566 13.655310
v 3.264335 80.639566 13.655310
v 4.902125 81.651776 15.907810
v 4.902125 84.927356 15.907810
v 2.252125 83.289566 12.263189
f 649 686 665
f 686 660 689
f 665 689 654
f 686 689 665
f 649 665 661
f 665 654 666
f 661 666 650
f 665 666 661
f 649 661 670
f 661 650 671
f 670 671 656
f 661 671 670
f 649 670 682
f 670 656 685
f 682 685 659
f 670 685 682
f 649 682 686
f 682 659 690
f 686 690 660
f 682 690 686
f 650 666 677
f 666 654 680
f 677 680 658
f 666 680 677
f 654 689 667
f 689 660 688
f 667 688 653
f 689 688 667
f 660 690 687
f 690 659 683
f 687 683 651
f 690 683 687
f 659 685 684
f 685 656 672
f 684 672 655
f 685 672 684
f 656 671 676
f 671 650 673
f 676 673 657
f 671 673 676
f 652 678 664
f 678 658 679
f 664 679 653
f 678 679 664
f 652 664 662
f 664 653 663
f 662 663 651
f 664 663 662
f 652 662 669
f 662 651 668
f 669 668 655
f 662 668 669
f 652 669 674
f 669 655 675
f 674 675 657
f 669 675 674
f 652 674 678
f 674 657 681
f 678 681 658
f 674 681 678
f 653 679 667
f 679 658 680
f 667 680 654
f 679 680 667
f 651 663 687
f 663 653 688
f 687 688 660
f 663 688 687
f 655 668 684
f 668 651 683
f 684 683 659
f 668 683 684
f 657 675 676
f 675 655 672
f 676 672 656
f 675 672 676
f 658 681 677
f 681 657 673
f 677 673 650
f 681 673 677
o red_hair_curl
v 2.716808 88.142379 12.377977
v 8.289558 88.142379 12.377977
v 2.716808 79.125481 12.377977
v 8.289558 79.125481 12.377977
v 5.503183 80.847555 16.210159
v 5.503183 86.420305 16.210159
v 5.503183 80.847555 8.545795
v 5.503183 86.420305 8.545795
v 10.011632 83.633930 10.009558
v 10.011632 83.633930 14.746395
v 0.994733 83.633930 10.009558
v 0.994733 83.633930 14.746395
v 5.503183 88.933930 12.377977
v 5.503183 78.333930 12.377977
v 3.865393 79.346140 14.630477
v 7.140973 79.346140 14.630477
v 3.865393 87.921720 14.630477
v 7.140973 87.921720 14.630477
v 5.503183 83.633930 16.882977
v 3.865393 79.346140 10.125477
v 7.140973 79.346140 10.125477
v 3.865393 87.921720 10.125477
v 7.140973 87.921720 10.125477
v 5.503183 83.633930 7.872977
v 9.790973 86.283930 10.985855
v 9.790973 80.983930 10.985855
v 8.153183 81.996140 8.733355
v 8.153183 85.271720 8.733355
v 9.790973 86.283930 13.770098
v 9.790973 80.983930 13.770098
v 8.153183 81.996140 16.022598
v 8.153183 85.271720 16.022598
v 10.803183 83.633930 12.377977
v 1.215393 86.283930 10.985855
v 1.215393 80.983930 10.985855
v 2.853183 81.996140 8.733355
v 2.853183 85.271720 8.733355
v 1.215393 86.283930 13.770098
v 1.215393 80.983930 13.770098
v 2.853183 81.996140 16.022598
v 2.853183 85.271720 16.022598
v 0.203183 83.633930 12.377977
f 691 728 707
f 728 702 731
f 707 731 696
f 728 731 707
f 691 707 703
f 707 696 708
f 703 708 692
f 707 708 703
f 691 703 712
f 703 692 713
f 712 713 698
f 703 713 712
f 691 712 724
f 712 698 727
f 724 727 701
f 712 727 724
f 691 724 728
f 724 701 732
f 728 732 702
f 724 732 728
f 692 708 719
f 708 696 722
f 719 722 700
f 708 722 719
f 696 731 709
f 731 702 730
f 709 730 695
f 731 730 709
f 702 732 729
f 732 701 725
f 729 725 693
f 732 725 729
f 701 727 726
f 727 698 714
f 726 714 697
f 727 714 726
f 698 713 718
f 713 692 715
f 718 715 699
f 713 715 718
f 694 720 706
f 720 700 721
f 706 721 695
f 720 721 706
f 694 706 704
f 706 695 705
f 704 705 693
f 706 705 704
f 694 704 711
f 704 693 710
f 711 710 697
f 704 710 711
f 694 711 716
f 711 697 717
f 716 717 699
f 711 717 716
f 694 716 720
f 716 699 723
f 720 723 700
f 716 723 720
f 695 721 709
f 721 700 722
f 709 722 696
f 721 722 709
f 693 705 729
f 705 695 730
f 729 730 702
f 705 730 729
f 697 710 726
f 710 693 725
f 726 725 701
f 710 725 726
f 699 717 718
f 717 697 714
f 718 714 698
f 717 714 718
f 700 723 719
f 723 699 715
f 719 715 692
f 723 715 719
o red_hair_curl
v 0.559491 88.375794 12.455781
v 6.132241 88.375794 12.455781
v 0.559491 79.358895 12.455781
v 6.132241 79.358895 12.455781
v 3.345866 81.080969 16.287963
v 3.345866 86.653719 16.287963
v 3.345866 81.080969 8.623600
v 3.345866 86.653719 8.623600
v 7.854315 83.867344 10.087363
v 7.854315 83.867344 14.824200
v -1.162584 83.867344 10.087363
v -1.162584 83.867344 14.824200
v 3.345866 89.167344 12.455781
v 3.345866 78.567344 12.455781
v 1.708076 79.579554 14.708281
v 4.983656 79.579554 14.708281
v 1.708076 88.155134 14.708281
v 4.983656 88.155134 14.708281
v 3.345866 83.867344 16.960781
v 1.708076 79.579554 10.203281
v 4.983656 79.579554 10.203281
v 1.708076 88.155134 10.203281
v 4.983656 88.155134 10.203281
v 3.345866 83.867344 7.950781
v 7.633656 86.517344 11.063660
v 7.633656 81.217344 11.063660
v 5.995866 82.229554 8.811160
v 5.995866 85.505134 8.811160
v 7.633656 86.517344 13.847903
v 7.633656 81.217344 13.847903
v 5.995866 82.229554 16.100403
v 5.995866 85.505134 16.100403
v 8.645866 83.867344 12.455781
v -0.941924 86.517344 11.063660
v -0.941924 81.217344 11.063660
v 0.695866 82.229554 8.811160
v 0.695866 85.505134 8.811160
v -0.941924 86.517344 13.847903
v -0.941924 81.217344 13.847903
v 0.695866 82.229554 16.100403
v 0.695866 85.505134 16.100403
v -1.954134 83.867344 12.455781
f 733 770 749
f 770 744 773
f 749 773 738
f 770 773 749
f 733 749 745
f 749 738 750
f 745 750 734
f 749 750 745
f 733 745 754
f 745 734 755
f 754 755 740
f 745 755 754
f 733 754 766
f 754 740 769
f 766 769 743
f 754 769 766
f 733 766 770
f 766 743 774
f 770 774 744
f 766 774 770
f 734 750 761
f 750 738 764
f 761 764 742
f 750 764 761
f 738 773 751
f 773 744 772
f 751 772 737
f 773 772 751
f 744 774 771
f 774 743 767
f 771 767 735
f 774 767 771
f 743 769 768
f 769 740 756
f 768 756 739
f 769 756 768
f 740 755 760
f 755 734 757
f 760 757 741
f 755 757 760
f 736 762 748
f 762 742 763
f 748 763 737
f 762 763 748
f 736 748 746
f 748 737 747
f 746 747 735
f 748 747 746
f 736 746 753
f 746 735 752
f 753 752 739
f 746 752 753
f 736 753 758
f 753 739 759
f 758 759 741
f 753 759 758
f 736 758 762
f 758 741 765
f 762 765 742
f 758 765 762
f 737 763 751
f 763 742 764
f 751 764 738
f 763 764 751
f 735 747 771
f 747 737 772
f 771 772 744
f 747 772 771
f 739 752 768
f 752 735 767
f 768 767 743
f 752 767 768
f 741 759 760
f 759 739 756
f 760 756 740
f 759 756 760
f 742 765 761
f 765 741 757
f 761 757 734
f 765 757 761
o red_hair_curl
v -1.663717 88.493661 12.495071
v 3.909033 88.493661 12.495071
v -1.663717 79.476763 12.495071
v 3.909033 79.476763 12.495071
v 1.122658 81.198837 16.327253
v 1.122658 86.771587 16.327253
v 1.122658 81.198837 8.662889
v 1.122658 86.771587 8.662889
v 5.631107 83.985212 10.126652
v 5.631107 83.985212 14.863489
v -3.385791 83.985212 10.126652
v -3.385791 83.985212 14.863489
v 1.122658 89.285212 12.495071
v 1.122658 78.685212 12.495071
v -0.515132 79.697422 14.747571
v 2.760448 79.697422 14.747571
v -0.515132 88.273002 14.747571
v 2.760448 88.273002 14.747571
v 1.122658 83.985212 17.000071
v -0.515132 79.697422 10.242571
v 2.760448 79.697422 10.242571
v -0.515132 88.273002 10.242571
v 2.760448 88.273002 10.242571
v 1.122658 83.985212 7.990071
v 5.410448 86.635212 11.102949
v 5.410448 81.335212 11.102949
v 3.772658 82.347422 8.850449
v 3.772658 85.623002 8.850449
v 5.410448 86.635212 13.887192
v 5.410448 81.335212 13.887192
v 3.772658 82.347422 16.139692
v 3.772658 85.623002 16.139692
v 6.422658 83.985212 12.495071
v -3.165132 86.635212 11.102949
v -3.165132 81.335212 11.102949
v -1.527342 82.347422 8.850449
v -1.527342 85.623002 8.850449
v -3.165132 86.635212 13.887192
v -3.165132 81.335212 13.887192
v -1.527342 82.347422 16.139692
v -1.527342 85.623002 16.139692
v -4.177342 83.985212 12.495071
f 775 812 791
f 812 786 815
f 791 815 780
f 812 815 791
f 775 791 787
f 791 780 792
f 787 792 776
f 791 792 787
f 775 787 796
f 787 776 797
f 796 797 782
f 787 797 796
f 775 796 808
f 796 782 811
f 808 811 785
f 796 811 808
f 775 808 812
f 808 785 816
f 812 816 786
f 808 816 812
f 776 792 803
f 792 780 806
f 803 806 784
f 792 806 803
f 780 815 793
f 815 786 814
f 793 814 779
f 815 814 793
f 786 816 813
f 816 785 809
f 813 809 777
f 816 809 813
f 785 811 810
f 811 782 798
f 810 798 781
f 811 798 810
f 782 797 802
f 797 776 799
f 802 799 783
f 797 799 802
f 778 804 790
f 804 784 805
f 790 805 779
f 804 805 790
f 778 790 788
f 790 779 789
f 788 789 777
f 790 789 788
f 778 788 795
f 788 777 794
f 795 794 781
f 788 794 795
f 778 795 800
f 795 781 801
f 800 801 783
f 795 801 800
f 778 800 804
f 800 783 807
f 804 807 784
f 800 807 804
f 779 805 793
f 805 784 806
f 793 806 780
f 805 806 793
f 777 789 813
f 789 779 814
f 813 814 786
f 789 814 813
f 781 794 810
f 794 777 809
f 810 809 785
f 794 809 810
f 783 801 802
f 801 781 798
f 802 798 782
f 801 798 802
f 784 807 803
f 807 783 799
f 803 799 776
f 807 799 803
o red_hair_curl
v -3.909033 88.493661 12.495071
v 1.663717 88.493661 12.495071
v -3.909033 79.476763 12.495071
v 1.663717 79.476763 12.495071
v -1.122658 81.198837 16.327253
v -1.122658 86.771587 16.327253
v -1.122658 81.198837 8.662889
v -1.122658 86.771587 8.662889
v 3.385791 83.985212 10.126652
v 3.385791 83.985212 14.863489
v -5.631107 83.985212 10.126652
v -5.631107 83.985212 14.863489
v -1.122658 89.285212 12.495071
v -1.122658 78.685212 12.495071
v -2.760448 79.697422 14.747571
v 0.515132 79.697422 14.747571
v -2.760448 88.273002 14.747571
v 0.515132 88.273002 14.747571
v -1.122658 83.985212 17.000071
v -2.760448 79.697422 10.242571
v 0.515132 79.697422 10.242571
v -2.760448 88.273002 10.242571
v 0.515132 88.273002 10.242571
v -1.122658 83.985212 7.990071
v 3.165132 86.635212 11.102949
v 3.165132 81.335212 11.102949
v 1.527342 82.347422 8.850449
v 1.527342 85.623002 8.850449
v 3.165132 86.635212 13.887192
v 3.165132 81.335212 13.887192
v 1.527342 82.347422 16.139692
v 1.527342 85.623002 16.139692
v 4.177342 83.985212 12.495071
v -5.410448 86.635212 11.102949
v -5.410448 81.335212 11.102949
v -3.772658 82.347422 8.850449
v -3.772658 85.623002 8.850449
v -5.410448 86.635212 13.887192
v -5.410448 81.335212 13.887192
v -3.772658 82.347422 16.139692
v -3.772658 85.623002 16.139692
v -6.422658 83.985212 12.495071
f 817 854 833
f 854 828 857
f 833 857 822
f 854 857 833
f 817 833 829
f 833 822 834
f 829 834 818
f 833 834 829
f 817 829 838
f 829 818 839
f 838 839 824
f 829 839 838
f 817 838 850
f 838 824 853
f 850 853 827
f 838 853 850
f 817 850 854
f 850 827 858
f 854 858 828
f 850 858 854
f 818 834 845
f 834 822 848
f 845 848 826
f 834 848 845
f 822 857 835
f 857 828 856
f 835 856 821
f 857 856 835
f 828 858 855
f 858 827 851
f 855 851 819
f 858 851 855
f 827 853 852
f 853 824 840
f 852 840 823
f 853 840 852
f 824 839 844
f 839 818 841
f 844 841 825
f 839 841 844
f 820 846 832
f 846 826 847
f 832 847 821
f 846 847 832
f 820 832 830
f 832 821 831
f 830 831 819
f 832 831 830
f 820 830 837
f 830 819 836
f 837 836 823
f 830 836 837
f 820 837 842
f 837 823 843
f 842 843 825
f 837 843 842
f 820 842 846
f 842 825 849
f 846 849 826
f 842 849 846
f 821 847 835
f 847 826 848
f 835 848 822
f 847 848 835
f 819 831 855
f 831 821 856
f 855 856 828
f 831 856 855
f 823 836 852
f 836 819 851
f 852 851 827
f 836 851 852
f 825 843 844
f 843 823 840
f 844 840 824
f 843 840 844
f 826 849 845
f 849 825 841
f 845 841 818
f 849 841 845
o red_hair_curl
v -6.132241 88.375794 12.455781
v -0.559491 88.375794 12.455781
v -6.132241 79.358895 12.455781
v -0.559491 79.358895 12.455781
v -3.345866 81.080969 16.287963
v -3.345866 86.653719 16.287963
v -3.345866 81.080969 8.623600
v -3.345866 86.653719 8.623600
v 1.162584 83.867344 10.087363
v 1.162584 83.867344 14.824200
v -7.854315 83.867344 10.087363
v -7.854315 83.867344 14.824200
v -3.345866 89.167344 12.455781
v -3.345866 78.567344 12.455781
v -4.983656 79.579554 14.708281
v -1.708076 79.579554 14.708281
v -4.983656 88.155134 14.708281
v -1.708076 88.155134 14.708281
v -3.345866 83.867344 16.960781
v -4.983656 79.579554 10.203281
v -1.708076 79.579554 10.203281
v -4.983656 88.155134 10.203281
v -1.708076 88.155134 10.203281
v -3.345866 83.867344 7.950781
v 0.941924 86.517344 11.063660
v 0.941924 81.217344 11.063660
v -0.695866 82.229554 8.811160
v -0.695866 85.505134 8.811160
v 0.941924 86.517344 13.847903
v 0.941924 81.217344 13.847903
v -0.695866 82.229554 16.100403
v -0.695866 85.505134 16.100403
v 1.954134 83.867344 12.455781
v -7.633656 86.517344 11.063660
v -7.633656 81.217344 11.063660
v -5.995866 82.229554 8.811160
v -5.995866 85.505134 8.811160
v -7.633656 86.517344 13.847903
v -7.633656 81.217344 13.847903
v -5.995866 82.229554 16.100403
v -5.995866 85.505134 16.100403
v -8.645866 83.867344 12.455781
f 859 896 875
f 896 870 899
f 875 899 864
f 896 899 875
f 859 875 871
f 875 864 876
f 871 876 860
f 875 876 871
f 859 871 880
f 871 860 881
f 880 881 866
f 871 881 880
f 859 880 892
f 880 866 895
f 892 895 869
f 880 895 892
f 859 892 896
f 892 869 900
f 896 900 870
f 892 900 896
f 860 876 887
f 876 864 890
f 887 890 868
f 876 890 887
f 864 899 877
f 899 870 898
f 877 898 863
f 899 898 877
f 870 900 897
f 900 869 893
f 897 893 861
f 900 893 897
f 869 895 894
f 895 866 882
f 894 882 865
f 895 882 894
f 866 881 886
f 881 860 883
f 886 883 867
f 881 883 886
f 862 888 874
f 888 868 889
f 874 889 863
f 888 889 874
f 862 874 872
f 874 863 873
f 872 873 861
f 874 873 872
f 862 872 879
f 872 861 878
f 879 878 865
f 872 878 879
f 862 879 884
f 879 865 885
f 884 885 867
f 879 885 884
f 862 884 888
f 884 867 891
f 888 891 868
f 884 891 888
f 863 889 877
f 889 868 890
f 877 890 864
f 889 890 877
f 861 873 897
f 873 863 898
f 897 898 870
f 873 898 897
f 865 878 894
f 878 861 893
f 894 893 869
f 878 893 894
f 867 885 886
f 885 865 882
f 886 882 866
f 885 882 886
f 868 891 887
f 891 867 883
f 887 883 860
f 891 883 887
o red_hair_curl
v -8.289558 88.142379 12.377977
v -2.716808 88.142379 12.377977
v -8.289558 79.125481 12.377977
v -2.716808 79.125481 12.377977
v -5.503183 80.847555 16.210159
v -5.503183 86.420305 16.210159
v -5.503183 80.847555 8.545795
v -5.503183 86.420305 8.545795
v -0.994733 83.633930 10.009558
v -0.994733 83.633930 14.746395
v -10.011632 83.633930 10.009558
v -10.011632 83.633930 14.746395
v -5.503183 88.933930 12.377977
v -5.503183 78.333930 12.377977
v -7.140973 79.346140 14.630477
v -3.865393 79.346140 14.630477
v -7.140973 87.921720 14.630477
v -3.865393 87.921720 14.630477
v -5.503183 83.633930 16.882977
v -7.140973 79.346140 10.125477
v -3.865393 79.346140 10.125477
v -7.140973 87.921720 10.125477
v -3.865393 87.921720 10.125477
v -5.503183 83.633930 7.872977
v -1.215393 86.283930 10.985855
v -1.215393 80.983930 10.985855
v -2.853183 81.996140 8.733355
v -2.853183 85.271720 8.733355
v -1.215393 86.283930 13.770098
v -1.215393 80.983930 13.770098
v -2.853183 81.996140 16.022598
v -2.853183 85.271720 16.022598
v -0.203183 83.633930 12.377977
v -9.790973 86.283930 10.985855
v -9.790973 80.983930 10.985855
v -8.153183 81.996140 8.733355
v -8.153183 85.271720 8.733355
v -9.790973 86.283930 13.770098
v -9.790973 80.983930 13.770098
v -8.153183 81.996140 16.022598
v -8.153183 85.271720 16.022598
v -10.803183 83.633930 12.377977
f 901 938 917
f 938 912 941
f 917 941 906
f 938 941 917
f 901 917 913
f 917 906 918
f 913 918 902
f 917 918 913
f 901 913 922
f 913 902 923
f 922 923 908
f 913 923 922
f 901 922 934
f 922 908 937
f 934 937 911
f 922 937 934
f 901 934 938
f 934 911 942
f 938 942 912
f 934 942 938
f 902 918 929
f 918 906 932
f 929 932 910
f 918 932 929
f 906 941 919
f 941 912 940
f 919 940 905
f 941 940 919
f 912 942 939
f 942 911 935
f 939 935 903
f 942 935 939
f 911 937 936
f 937 908 924
f 936 924 907
f 937 924 936
f 908 923 928
f 923 902 925
f 928 925 909
f 923 925 928
f 904 930 916
f 930 910 931
f 916 931 905
f 930 931 916
f 904 916 914
f 916 905 915
f 914 915 903
f 916 915 914
f 904 914 921
f 914 903 920
f 921 920 907
f 914 920 921
f 904 921 926
f 921 907 927
f 926 927 909
f 921 927 926
f 904 926 930
f 926 909 933
f 930 933 910
f 926 933 930
f 905 931 919
f 931 910 932
f 919 932 906
f 931 932 919
f 903 915 939
f 915 905 940
f 939 940 912
f 915 940 939
f 907 920 936
f 920 903 935
f 936 935 911
f 920 935 936
f 909 927 928
f 927 907 924
f 928 924 908
f 927 924 928
f 910 933 929
f 933 909 925
f 929 925 902
f 933 925 929
o red_hair_curl
v -10.338500 87.798016 12.263189
v -4.765750 87.798016 12.263189
v -10.338500 78.781117 12.263189
v -4.765750 78.781117 12.263189
v -7.552125 80.503191 16.095371
v -7.552125 86.075941 16.095371
v -7.552125 80.503191 8.431007
v -7.552125 86.075941 8.431007
v -3.043675 83.289566 9.894770
v -3.043675 83.289566 14.631607
v -12.060574 83.289566 9.894770
v -12.060574 83.289566 14.631607
v -7.552125 88.589566 12.263189
v -7.552125 77.989566 12.263189
v -9.189915 79.001776 14.515689
v -5.914335 79.001776 14.515689
v -9.189915 87.577356 14.515689
v -5.914335 87.577356 14.515689
v -7.552125 83.289566 16.768189
v -9.189915 79.001776 10.010689
v -5.914335 79.001776 10.010689
v -9.189915 87.577356 10.010689
v -5.914335 87.577356 10.010689
v -7.552125 83.289566 7.758189
v -3.264335 85.939566 10.871067
v -3.264335 80.639566 10.871067
v -4.902125 81.651776 8.618567
v -4.902125 84.927356 8.618567
v -3.264335 85.939566 13.655310
v -3.264335 80.639566 13.655310
v -4.902125 81.651776 15.907810
v -4.902125 84.927356 15.907810
v -2.252125 83.289566 12.263189
v -11.839915 85.939566 10.871067
v -11.839915 80.639566 10.871067
v -10.202125 81.651776 8.618567
v -10.202125 84.927356 8.618567
v -11.839915 85.939566 13.655310
v -11.839915 80.639566 13.655310
v -10.202125 81.651776 15.907810
v -10.202125 84.927356 15.907810
v -12.852125 83.289566 12.263189
f 943 980 959
f 980 954 983
f 959 983 948
f 980 983 959
f 943 959 955
f 959 948 960
f 955 960 944
f 959 960 955
f 943 955 964
f 955 944 965
f 964 965 950
f 955 965 964
f 943 964 976
f 964 950 979
f 976 979 953
f 964 979 976
f 943 976 980
f 976 953 984
f 980 984 954
f 976 984 980
f 944 960 971
f 960 948 974
f 971 974 952
f 960 974 971
f 948 983 961
f 983 954 982
f 961 982 947
f 983 982 961
f 954 984 981
f 984 953 977
f 981 977 945
f 984 977 981
f 953 979 978
f 979 950 966
f 978 966 949
f 979 966 978
f 950 965 970
f 965 944 967
f 970 967 951
f 965 967 970
f 946 972 958
f 972 952 973
f 958 973 947
f 972 973 958
f 946 958 956
f 958 947 957
f 956 957 945
f 958 957 956
f 946 956 963
f 956 945 962
f 963 962 949
f 956 962 963
f 946 963 968
f 963 949 969
f 968 969 951
f 963 969 968
f 946 968 972
f 968 951 975
f 972 975 952
f 968 975 972
f 947 973 961
f 973 952 974
f 961 974 948
f 973 974 961
f 945 957 981
f 957 947 982
f 981 982 954
f 957 982 981
f 949 962 978
f 962 945 977
f 978 977 953
f 962 977 978
f 951 969 970
f 969 949 966
f 970 966 950
f 969 966 970
f 952 975 971
f 975 951 967
f 971 967 944
f 975 967 971
o red_hair_curl
v -12.238717 87.349483 12.113678
v -6.665967 87.349483 12.113678
v -12.238717 78.332585 12.113678
v -6.665967 78.332585 12.113678
v -9.452342 80.054659 15.945860
v -9.452342 85.627409 15.945860
v -9.452342 80.054659 8.281496
v -9.452342 85.627409 8.281496
v -4.943892 82.841034 9.745259
v -4.943892 82.841034 14.482097
v -13.960791 82.841034 9.745259
v -13.960791 82.841034 14.482097
v -9.452342 88.141034 12.113678
v -9.452342 77.541034 12.113678
v -11.090132 78.553244 14.366178
v -7.814552 78.553244 14.366178
v -11.090132 87.128824 14.366178
v -7.814552 87.128824 14.366178
v -9.452342 82.841034 16.618678
v -11.090132 78.553244 9.861178
v -7.814552 78.553244 9.861178
v -11.090132 87.128824 9.861178
v -7.814552 87.128824 9.861178
v -9.452342 82.841034 7.608678
v -5.164552 85.491034 10.721556
v -5.164552 80.191034 10.721556
v -6.802342 81.203244 8.469056
v -6.802342 84.478824 8.469056
v -5.164552 85.491034 13.505800
v -5.164552 80.191034 13.505800
v -6.802342 81.203244 15.758300
v -6.802342 84.478824 15.758300
v -4.152342 82.841034 12.113678
v -13.740132 85.491034 10.721556
v -13.740132 80.191034 10.721556
v -12.102342 81.203244 8.469056
v -12.102342 84.478824 8.469056
v -13.740132 85.491034 13.505800
v -13.740132 80.191034 13.505800
v -12.102342 81.203244 15.758300
v -12.102342 84.478824 15.758300
v -14.752342 82.841034 12.113678
f 985 1022 1001
f 1022 996 1025
f 1001 1025 990
f 1022 1025 1001
f 985 1001 997
f 1001 990 1002
f 997 1002 986
f 1001 1002 997
f 985 997 1006
f 997 986 1007
f 1006 1007 992
f 997 1007 1006
f 985 1006 1018
f 1006 992 1021
f 1018 1021 995
f 1006 1021 1018
f 985 1018 1022
f 1018 995 1026
f 1022 1026 996
f 1018 1026 1022
f 986 1002 1013
f 1002 990 1016
f 1013 1016 994
f 1002 1016 1013
f 990 1025 1003
f 1025 996 1024
f 1003 1024 989
f 1025 1024 1003
f 996 1026 1023
f 1026 995 1019
f 1023 1019 987
f 1026 1019 1023
f 995 1021 1020
f 1021 992 1008
f 1020 1008 991
f 1021 1008 1020
f 992 1007 1012
f 1007 986 1009
f 1012 1009 993
f 1007 1009 1012
f 988 1014 1000
f 1014 994 1015
f 1000 1015 989
f 1014 1015 1000
f 988 1000 998
f 1000 989 999
f 998 999 987
f 1000 999 998
f 988 998 1005
f 998 987 1004
f 1005 1004 991
f 998 1004 1005
f 988 1005 1010
f 1005 991 1011
f 1010 1011 993
f 1005 1011 1010
f 988 1010 1014
f 1010 993 1017
f 1014 1017 994
f 1010 1017 1014
f 989 1015 1003
f 1015 994 1016
f 1003 1016 990
f 1015 1016 1003
f 987 999 1023
f 999 989 1024
f 1023 1024 996
f 999 1024 1023
f 991 1004 1020
f 1004 987 1019
f 1020 1019 995
f 1004 1019 1020
f 993 1011 1012
f 1011 991 1008
f 1012 1008 992
f 1011 1008 1012
f 994 1017 1013
f 1017 993 1009
f 1013 1009 986
f 1017 1009 1013
o red_hair_curl
v -13.952787 86.805616 11.932389
v -8.380037 86.805616 11.932389
v -13.952787 77.788718 11.932389
v -8.380037 77.788718 11.932389
v -11.166412 79.510792 15.764571
v -11.166412 85.083542 15.764571
v -11.166412 79.510792 8.100207
v -11.166412 85.083542 8.100207
v -6.657963 82.297167 9.563970
v -6.657963 82.297167 14.300808
v -15.674861 82.297167 9.563970
v -15.674861 82.297167 14.300808
v -11.166412 87.597167 11.932389
v -11.166412 76.997167 11.932389
v -12.804202 78.009377 14.184889
v -9.528622 78.009377 14.184889
v -12.804202 86.584957 14.184889
v -9.528622 86.584957 14.184889
v -11.166412 82.297167 16.437389
v -12.804202 78.009377 9.679889
v -9.528622 78.009377 9.679889
v -12.804202 86.584957 9.679889
v -9.528622 86.584957 9.679889
v -11.166412 82.297167 7.427389
v -6.878622 84.947167 10.540267
v -6.878622 79.647167 10.540267
v -8.516412 80.659377 8.287767
v -8.516412 83.934957 8.287767
v -6.878622 84.947167 13.324511
v -6.878622 79.647167 13.324511
v -8.516412 80.659377 15.577011
v -8.516412 83.934957 15.577011
v -5.866412 82.297167 11.932389
v -15.454202 84.947167 10.540267
v -15.454202 79.647167 10.540267
v -13.816412 80.659377 8.287767
v -13.816412 83.934957 8.287767
v -15.454202 84.947167 13.324511
v -15.454202 79.647167 13.324511
v -13.816412 80.659377 15.577011
v -13.816412 83.934957 15.577011
v -16.466412 82.297167 11.932389
f 1027 1064 1043
f 1064 1038 1067
f 1043 1067 1032
f 1064 1067 1043
f 1027 1043 1039
f 1043 1032 1044
f 1039 1044 1028
f 1043 1044 1039
f 1027 1039 1048
f 1039 1028 1049
f 1048 1049 1034
f 1039 1049 1048
f 1027 1048 1060
f 1048 1034 1063
f 1060 1063 1037
f 1048 1063 1060
f 1027 1060 1064
f 1060 1037 1068
f 1064 1068 1038
f 1060 1068 1064
f 1028 1044 1055
f 1044 1032 1058
f 1055 1058 1036
f 1044 1058 1055
f 1032 1067 1045
f 1067 1038 1066
f 1045 1066 1031
f 1067 1066 1045
f 1038 1068 1065
f 1068 1037 1061
f 1065 1061 1029
f 1068 1061 1065
f 1037 1063 1062
f 1063 1034 1050
f 1062 1050 1033
f 1063 1050 1062
f 1034 1049 1054
f 1049 1028 1051
f 1054 1051 1035
f 1049 1051 1054
f 1030 1056 1042
f 1056 1036 1057
f 1042 1057 1031
f 1056 1057 1042
f 1030 1042 1040
f 1042 1031 1041
f 1040 1041 1029
f 1042 1041 1040
f 1030 1040 1047
f 1040 1029 1046
f 1047 1046 1033
f 1040 1046 1047
f 1030 1047 1052
f 1047 1033 1053
f 1052 1053 1035
f 1047 1053 1052
f 1030 1052 1056
f 1052 1035 1059
f 1056 1059 1036
f 1052 1059 1056
f 1031 1057 1045
f 1057 1036 1058
f 1045 1058 1032
f 1057 1058 1045
f 1029 1041 1065
f 1041 1031 1066
f 1065 1066 1038
f 1041 1066 1065
f 1033 1046 1062
f 1046 1029 1061
f 1062 1061 1037
f 1046 1061 1062
f 1035 1053 1054
f 1053 1033 1050
f 1054 1050 1034
f 1053 1050 1054
f 1036 1059 1055
f 1059 1035 1051
f 1055 1051 1028
f 1059 1051 1055
o red_hair_curl
v -15.446956 86.177124 11.722892
v -9.874206 86.177124 11.722892
v -15.446956 77.160226 11.722892
v -9.874206 77.160226 11.722892
v -12.660581 78.882300 15.555074
v -12.660581 84.455050 15.555074
v -12.660581 78.882300 7.890710
v -12.660581 84.455050 7.890710
v -8.152132 81.668675 9.354473
v -8.152132 81.668675 14.091310
v -17.169030 81.668675 9.354473
v -17.169030 81.668675 14.091310
v -12.660581 86.968675 11.722892
v -12.660581 76.368675 11.722892
v -14.298371 77.380885 13.975392
v -11.022791 77.380885 13.975392
v -14.298371 85.956465 13.975392
v -11.022791 85.956465 13.975392
v -12.660581 81.668675 16.227892
v -14.298371 77.380885 9.470392
v -11.022791 77.380885 9.470392
v -14.298371 85.956465 9.470392
v -11.022791 85.956465 9.470392
v -12.660581 81.668675 7.217892
v -8.372791 84.318675 10.330770
v -8.372791 79.018675 10.330770
v -10.010581 80.030885 8.078270
v -10.010581 83.306465 8.078270
v -8.372791 84.318675 13.115013
v -8.372791 79.018675 13.115013
v -10.010581 80.030885 15.367513
v -10.010581 83.306465 15.367513
v -7.360581 81.668675 11.722892
v -16.948371 84.318675 10.330770
v -16.948371 79.018675 10.330770
v -15.310581 80.030885 8.078270
v -15.310581 83.306465 8.078270
v -16.948371 84.318675 13.115013
v -16.948371 79.018675 13.115013
v -15.310581 80.030885 15.367513
v -15.310581 83.306465 15.367513
v -17.960581 81.668675 11.722892
f 1069 1106 1085
f 1106 1080 1109
f 1085 1109 1074
f 1106 1109 1085
f 1069 1085 1081
f 1085 1074 1086
f 1081 1086 1070
f 1085 1086 1081
f 1069 1081 1090
f 1081 1070 1091
f 1090 1091 1076
f 1081 1091 1090
f 1069 1090 1102
f 1090 1076 1105
f 1102 1105 1079
f 1090 1105 1102
f 1069 1102 1106
f 1102 1079 1110
f 1106 1110 1080
f 1102 1110 1106
f 1070 1086 1097
f 1086 1074 1100
f 1097 1100 1078
f 1086 1100 1097
f 1074 1109 1087
f 1109 1080 1108
f 1087 1108 1073
f 1109 1108 1087
f 1080 1110 1107
f 1110 1079 1103
f 1107 1103 1071
f 1110 1103 1107
f 1079 1105 1104
f 1105 1076 1092
f 1104 1092 1075
f 1105 1092 1104
f 1076 1091 1096
f 1091 1070 1093
f 1096 1093 1077
f 1091 1093 1096
f 1072 1098 1084
f 1098 1078 1099
f 1084 1099 1073
f 1098 1099 1084
f 1072 1084 1082
f 1084 1073 1083
f 1082 1083 1071
f 1084 1083 1082
f 1072 1082 1089
f 1082 1071 1088
f 1089 1088 1075
f 1082 1088 1089
f 1072 1089 1094
f 1089 1075 1095
f 1094 1095 1077
f 1089 1095 1094
f 1072 1094 1098
f 1094 1077 1101
f 1098 1101 1078
f 1094 1101 1098
f 1073 1099 1087
f 1099 1078 1100
f 1087 1100 1074
f 1099 1100 1087
f 1071 1083 1107
f 1083 1073 1108
f 1107 1108 1080
f 1083 1108 1107
f 1075 1088 1104
f 1088 1071 1103
f 1104 1103 1079
f 1088 1103 1104
f 1077 1095 1096
f 1095 1075 1092
f 1096 1092 1076
f 1095 1092 1096
f 1078 1101 1097
f 1101 1077 1093
f 1097 1093 1070
f 1101 1093 1097
o red_hair_curl
v -16.691798 85.476384 11.489312
v -11.119048 85.476384 11.489312
v -16.691798 76.459486 11.489312
v -11.119048 76.459486 11.489312
v -13.905423 78.181560 15.321494
v -13.905423 83.754310 15.321494
v -13.905423 78.181560 7.657130
v -13.905423 83.754310 7.657130
v -9.396974 80.967935 9.120893
v -9.396974 80.967935 13.857730
v -18.413872 80.967935 9.120893
v -18.413872 80.967935 13.857730
v -13.905423 86.267935 11.489312
v -13.905423 75.667935 11.489312
v -15.543213 76.680145 13.741812
v -12.267633 76.680145 13.741812
v -15.543213 85.255725 13.741812
v -12.267633 85.255725 13.741812
v -13.905423 80.967935 15.994312
v -15.543213 76.680145 9.236812
v -12.267633 76.680145 9.236812
v -15.543213 85.255725 9.236812
v -12.267633 85.255725 9.236812
v -13.905423 80.967935 6.984312
v -9.617633 83.617935 10.097190
v -9.617633 78.317935 10.097190
v -11.255423 79.330145 7.844690
v -11.255423 82.605725 7.844690
v -9.617633 83.617935 12.881433
v -9.617633 78.317935 12.881433
v -11.255423 79.330145 15.133933
v -11.255423 82.605725 15.133933
v -8.605423 80.967935 11.489312
v -18.193213 83.617935 10.097190
v -18.193213 78.317935 10.097190
v -16.555423 79.330145 7.844690
v -16.555423 82.605725 7.844690
v -18.193213 83.617935 12.881433
v -18.193213 78.317935 12.881433
v -16.555423 79.330145 15.133933
v -16.555423 82.605725 15.133933
v -19.205423 80.967935 11.489312
f 1111 1148 1127
f 1148 1122 1151
f 1127 1151 1116
f 1148 1151 1127
f 1111 1127 1123
f 1127 1116 1128
f 1123 1128 1112
f 1127 1128 1123
f 1111 1123 1132
f 1123 1112 1133
f 1132 1133 1118
f 1123 1133 1132
f 1111 1132 1144
f 1132 1118 1147
f 1144 1147 1121
f 1132 1147 1144
f 1111 1144 1148
f 1144 1121 1152
f 1148 1152 1122
f 1144 1152 1148
f 1112 1128 1139
f 1128 1116 1142
f 1139 1142 1120
f 1128 1142 1139
f 1116 1151 1129
f 1151 1122 1150
f 1129 1150 1115
f 1151 1150 1129
f 1122 1152 1149
f 1152 1121 1145
f 1149 1145 1113
f 1152 1145 1149
f 1121 1147 1146
f 1147 1118 1134
f 1146 1134 1117
f 1147 1134 1146
f 1118 1133 1138
f 1133 1112 1135
f 1138 1135 1119
f 1133 1135 1138
f 1114 1140 1126
f 1140 1120 1141
f 1126 1141 1115
f 1140 1141 1126
f 1114 1126 1124
f 1126 1115 1125
f 1124 1125 1113
f 1126 1125 1124
f 1114 1124 1131
f 1124 1113 1130
f 1131 1130 1117
f 1124 1130 1131
f 1114 1131 1136
f 1131 1117 1137
f 1136 1137 1119
f 1131 1137 1136
f 1114 1136 1140
f 1136 1119 1143
f 1140 1143 1120
f 1136 1143 1140
f 1115 1141 1129
f 1141 1120 1142
f 1129 1142 1116
f 1141 1142 1129
f 1113 1125 1149
f 1125 1115 1150
f 1149 1150 1122
f 1125 1150 1149
f 1117 1130 1146
f 1130 1113 1145
f 1146 1145 1121
f 1130 1145 1146
f 1119 1137 1138
f 1137 1117 1134
f 1138 1134 1118
f 1137 1134 1138
f 1120 1143 1139
f 1143 1119 1135
f 1139 1135 1112
f 1143 1135 1139
o red_hair_curl
v -17.662799 84.717197 11.236249
v -12.090049 84.717197 11.236249
v -17.662799 75.700298 11.236249
v -12.090049 75.700298 11.236249
v -14.876424 77.422372 15.068431
v -14.876424 82.995122 15.068431
v -14.876424 77.422372 7.404067
v -14.876424 82.995122 7.404067
v -10.367974 80.208747 8.867830
v -10.367974 80.208747 13.604668
v -19.384873 80.208747 8.867830
v -19.384873 80.208747 13.604668
v -14.876424 85.508747 11.236249
v -14.876424 74.908747 11.236249
v -16.514214 75.920957 13.488749
v -13.238634 75.920957 13.488749
v -16.514214 84.496537 13.488749
v -13.238634 84.496537 13.488749
v -14.876424 80.208747 15.741249
v -16.514214 75.920957 8.983749
v -13.238634 75.920957 8.983749
v -16.514214 84.496537 8.983749
v -13.238634 84.496537 8.983749
v -14.876424 80.208747 6.731249
v -10.588634 82.858747 9.844128
v -10.588634 77.558747 9.844128
v -12.226424 78.570957 7.591628
v -12.226424 81.846537 7.591628
v -10.588634 82.858747 12.628371
v -10.588634 77.558747 12.628371
v -12.226424 78.570957 14.880871
v -12.226424 81.846537 14.880871
v -9.576424 80.208747 11.236249
v -19.164214 82.858747 9.844128
v -19.164214 77.558747 9.844128
v -17.526424 78.570957 7.591628
v -17.526424 81.846537 7.591628
v -19.164214 82.858747 12.628371
v -19.164214 77.558747 12.628371
v -17.526424 78.570957 14.880871
v -17.526424 81.846537 14.880871
v -20.176424 80.208747 11.236249
f 1153 1190 1169
f 1190 1164 1193
f 1169 1193 1158
f 1190 1193 1169
f 1153 1169 1165
f 1169 1158 1170
f 1165 1170 1154
f 1169 1170 1165
f 1153 1165 1174
f 1165 1154 1175
f 1174 1175 1160
f 1165 1175 1174
f 1153 1174 1186
f 1174 1160 1189
f 1186 1189 1163
f 1174 1189 1186
f 1153 1186 1190
f 1186 1163 1194
f 1190 1194 1164
f 1186 1194 1190
f 1154 1170 1181
f 1170 1158 1184
f 1181 1184 1162
f 1170 1184 1181
f 1158 1193 1171
f 1193 1164 1192
f 1171 1192 1157
f 1193 1192 1171
f 1164 1194 1191
f 1194 1163 1187
f 1191 1187 1155
f 1194 1187 1191
f 1163 1189 1188
f 1189 1160 1176
f 1188 1176 1159
f 1189 1176 1188
f 1160 1175 1180
f 1175 1154 1177
f 1180 1177 1161
f 1175 1177 1180
f 1156 1182 1168
f 1182 1162 1183
f 1168 1183 1157
f 1182 1183 1168
f 1156 1168 1166
f 1168 1157 1167
f 1166 1167 1155
f 1168 1167 1166
f 1156 1166 1173
f 1166 1155 1172
f 1173 1172 1159
f 1166 1172 1173
f 1156 1173 1178
f 1173 1159 1179
f 1178 1179 1161
f 1173 1179 1178
f 1156 1178 1182
f 1178 1161 1185
f 1182 1185 1162
f 1178 1185 1182
f 1157 1183 1171
f 1183 1162 1184
f 1171 1184 1158
f 1183 1184 1171
f 1155 1167 1191
f 1167 1157 1192
f 1191 1192 1164
f 1167 1192 1191
f 1159 1172 1188
f 1172 1155 1187
f 1188 1187 1163
f 1172 1187 1188
f 1161 1179 1180
f 1179 1159 1176
f 1180 1176 1160
f 1179 1176 1180
f 1162 1185 1181
f 1185 1161 1177
f 1181 1177 1154
f 1185 1177 1181
o red_hair_curl
v -2.628656 76.253254 -9.000000
v 2.628656 76.253254 -9.000000
v -2.628656 67.746746 -9.000000
v 2.628656 67.746746 -9.000000
v 0.000000 69.371344 -4.746746
v 0.000000 74.628656 -4.746746
v 0.000000 69.371344 -13.253254
v 0.000000 74.628656 -13.253254
v 4.253254 72.000000 -11.628656
v 4.253254 72.000000 -6.371344
v -4.253254 72.000000 -11.628656
v -4.253254 72.000000 -6.371344
v 0.000000 77.000000 -9.000000
v 0.000000 67.000000 -9.000000
v -1.545085 67.954915 -6.500000
v 1.545085 67.954915 -6.500000
v -1.545085 76.045085 -6.500000
v 1.545085 76.045085 -6.500000
v 0.000000 72.000000 -4.000000
v -1.545085 67.954915 -11.500000
v 1.545085 67.954915 -11.500000
v -1.545085 76.045085 -11.500000
v 1.545085 76.045085 -11.500000
v 0.000000 72.000000 -14.000000
v 4.045085 74.500000 -10.545085
v 4.045085 69.500000 -10.545085
v 2.500000 70.454915 -13.045085
v 2.500000 73.545085 -13.045085
v 4.045085 74.500000 -7.454915
v 4.045085 69.500000 -7.454915
v 2.500000 70.454915 -4.954915
v 2.500000 73.545085 -4.954915
v 5.000000 72.000000 -9.000000
v -4.045085 74.500000 -10.545085
v -4.045085 69.500000 -10.545085
v -2.500000 70.454915 -13.045085
v -2.500000 73.545085 -13.045085
v -4.045085 74.500000 -7.454915
v -4.045085 69.500000 -7.454915
v -2.500000 70.454915 -4.954915
v -2.500000 73.545085 -4.954915
v -5.000000 72.000000 -9.000000
f 1195 1232 1211
f 1232 1206 1235
f 1211 1235 1200
f 1232 1235 1211
f 1195 1211 1207
f 1211 1200 1212
f 1207 1212 1196
f 1211 1212 1207
f 1195 1207 1216
f 1207 1196 1217
f 1216 1217 1202
f 1207 1217 1216
f 1195 1216 1228
f 1216 1202 1231
f 1228 1231 1205
f 1216 1231 1228
f 1195 1228 1232
f 1228 1205 1236
f 1232 1236 1206
f 1228 1236 1232
f 1196 1212 1223
f 1212 1200 1226
f 1223 1226 1204
f 1212 1226 1223
f 1200 1235 1213
f 1235 1206 1234
f 1213 1234 1199
f 1235 1234 1213
f 1206 1236 1233
f 1236 1205 1229
f 1233 1229 1197
f 1236 1229 1233
f 1205 1231 1230
f 1231 1202 1218
f 1230 1218 1201
f 1231 1218 1230
f 1202 1217 1222
f 1217 1196 1219
f 1222 1219 1203
f 1217 1219 1222
f 1198 1224 1210
f 1224 1204 1225
f 1210 1225 1199
f 1224 1225 1210
f 1198 1210 1208
f 1210 1199 1209
f 1208 1209 1197
f 1210 1209 1208
f 1198 1208 1215
f 1208 1197 1214
f 1215 1214 1201
f 1208 1214 1215
f 1198 1215 1220
f 1215 1201 1221
f 1220 1221 1203
f 1215 1221 1220
f 1198 1220 1224
f 1220 1203 1227
f 1224 1227 1204
f 1220 1227 1224
f 1199 1225 1213
f 1225 1204 1226
f 1213 1226 1200
f 1225 1226 1213
f 1197 1209 1233
f 1209 1199 1234
f 1233 1234 1206
f 1209 1234 1233
f 1201 1214 1230
f 1214 1197 1229
f 1230 1229 1205
f 1214 1229 1230
f 1203 1221 1222
f 1221 1201 1218
f 1222 1218 1202
f 1221 1218 1222
f 1204 1227 1223
f 1227 1203 1219
f 1223 1219 1196
f 1227 1219 1223
o red_hair_curl
v 4.399675 78.253254 -9.476239
v 9.656986 78.253254 -9.476239
v 4.399675 69.746746 -9.476239
v 9.656986 69.746746 -9.476239
v 7.028331 71.371344 -5.222985
v 7.028331 76.628656 -5.222985
v 7.028331 71.371344 -13.729493
v 7.028331 76.628656 -13.729493
v 11.281585 74.000000 -12.104895
v 11.281585 74.000000 -6.847584
v 2.775077 74.000000 -12.104895
v 2.775077 74.000000 -6.847584
v 7.028331 79.000000 -9.476239
v 7.028331 69.000000 -9.476239
v 5.483246 69.954915 -6.976239
v 8.573416 69.954915 -6.976239
v 5.483246 78.045085 -6.976239
v 8.573416 78.045085 -6.976239
v 7.028331 74.000000 -4.476239
v 5.483246 69.954915 -11.976239
v 8.573416 69.954915 -11.976239
v 5.483246 78.045085 -11.976239
v 8.573416 78.045085 -11.976239
v 7.028331 74.000000 -14.476239
v 11.073416 76.500000 -11.021324
v 11.073416 71.500000 -11.021324
v 9.528331 72.454915 -13.521324
v 9.528331 75.545085 -13.521324
v 11.073416 76.500000 -7.931154
v 11.073416 71.500000 -7.931154
v 9.528331 72.454915 -5.431154
v 9.528331 75.545085 -5.431154
v 12.028331 74.000000 -9.476239
v 2.983246 76.500000 -11.021324
v 2.983246 71.500000 -11.021324
v 4.528331 72.454915 -13.521324
v 4.528331 75.545085 -13.521324
v 2.983246 76.500000 -7.931154
v 2.983246 71.500000 -7.931154
v 4.528331 72.454915 -5.431154
v 4.528331 75.545085 -5.431154
v 2.028331 74.000000 -9.476239
f 1237 1274 1253
f 1274 1248 1277
f 1253 1277 1242
f 1274 1277 1253
f 1237 1253 1249
f 1253 1242 1254
f 1249 1254 1238
f 1253 1254 1249
f 1237 1249 1258
f 1249 1238 1259
f 1258 1259 1244
f 1249 1259 1258
f 1237 1258 1270
f 1258 1244 1273
f 1270 1273 1247
f 1258 1273 1270
f 1237 1270 1274
f 1270 1247 1278
f 1274 1278 1248
f 1270 1278 1274
f 1238 1254 1265
f 1254 1242 1268
f 1265 1268 1246
f 1254 1268 1265
f 1242 1277 1255
f 1277 1248 1276
f 1255 1276 1241
f 1277 1276 1255
f 1248 1278 1275
f 1278 1247 1271
f 1275 1271 1239
f 1278 1271 1275
f 1247 1273 1272
f 1273 1244 1260
f 1272 1260 1243
f 1273 1260 1272
f 1244 1259 1264
f 1259 1238 1261
f 1264 1261 1245
f 1259 1261 1264
f 1240 1266 1252
f 1266 1246 1267
f 1252 1267 1241
f 1266 1267 1252
f 1240 1252 1250
f 1252 1241 1251
f 1250 1251 1239
f 1252 1251 1250
f 1240 1250 1257
f 1250 1239 1256
f 1257 1256 1243
f 1250 1256 1257
f 1240 1257 1262
f 1257 1243 1263
f 1262 1263 1245
f 1257 1263 1262
f 1240 1262 1266
f 1262 1245 1269
f 1266 1269 1246
f 1262 1269 1266
f 1241 1267 1255
f 1267 1246 1268
f 1255 1268 1242
f 1267 1268 1255
f 1239 1251 1275
f 1251 1241 1276
f 1275 1276 1248
f 1251 1276 1275
f 1243 1256 1272
f 1256 1239 1271
f 1272 1271 1247
f 1256 1271 1272
f 1245 1263 1264
f 1263 1243 1260
f 1264 1260 1244
f 1263 1260 1264
f 1246 1269 1265
f 1269 1245 1261
f 1265 1261 1238
f 1269 1261 1265
o red_hair_curl
v 9.196560 80.253254 -10.753755
v 14.453872 80.253254 -10.753755
v 9.196560 71.746746 -10.753755
v 14.453872 71.746746 -10.753755
v 11.825216 73.371344 -6.500501
v 11.825216 78.628656 -6.500501
v 11.825216 73.371344 -15.007009
v 11.825216 78.628656 -15.007009
v 16.078470 76.000000 -13.382411
v 16.078470 76.000000 -8.125099
v 7.571962 76.000000 -13.382411
v 7.571962 76.000000 -8.125099
v 11.825216 81.000000 -10.753755
v 11.825216 71.000000 -10.753755
v 10.280131 71.954915 -8.253755
v 13.370301 71.954915 -8.253755
v 10.280131 80.045085 -8.253755
v 13.370301 80.045085 -8.253755
v 11.825216 76.000000 -5.753755
v 10.280131 71.954915 -13.253755
v 13.370301 71.954915 -13.253755
v 10.280131 80.045085 -13.253755
v 13.370301 80.045085 -13.253755
v 11.825216 76.000000 -15.753755
v 15.870301 78.500000 -12.298840
v 15.870301 73.500000 -12.298840
v 14.325216 74.454915 -14.798840
v 14.325216 77.545085 -14.798840
v 15.870301 78.500000 -9.208670
v 15.870301 73.500000 -9.208670
v 14.325216 74.454915 -6.708670
v 14.325216 77.545085 -6.708670
v 16.825216 76.000000 -10.753755
v 7.780131 78.500000 -12.298840
v 7.780131 73.500000 -12.298840
v 9.325216 74.454915 -14.798840
v 9.325216 77.545085 -14.798840
v 7.780131 78.500000 -9.208670
v 7.780131 73.500000 -9.208670
v 9.325216 74.454915 -6.708670
v 9.325216 77.545085 -6.708670
v 6.825216 76.000000 -10.753755
f 1279 1316 1295
f 1316 1290 1319
f 1295 1319 1284
f 1316 1319 1295
f 1279 1295 1291
f 1295 1284 1296
f 1291 1296 1280
f 1295 1296 1291
f 1279 1291 1300
f 1291 1280 1301
f 1300 1301 1286
f 1291 1301 1300
f 1279 1300 1312
f 1300 1286 1315
f 1312 1315 1289
f 1300 1315 1312
f 1279 1312 1316
f 1312 1289 1320
f 1316 1320 1290
f 1312 1320 1316
f 1280 1296 1307
f 1296 1284 1310
f 1307 1310 1288
f 1296 1310 1307
f 1284 1319 1297
f 1319 1290 1318
f 1297 1318 1283
f 1319 1318 1297
f 1290 1320 1317
f 1320 1289 1313
f 1317 1313 1281
f 1320 1313 1317
f 1289 1315 1314
f 1315 1286 1302
f 1314 1302 1285
f 1315 1302 1314
f 1286 1301 1306
f 1301 1280 1303
f 1306 1303 1287
f 1301 1303 1306
f 1282 1308 1294
f 1308 1288 1309
f 1294 1309 1283
f 1308 1309 1294
f 1282 1294 1292
f 1294 1283 1293
f 1292 1293 1281
f 1294 1293 1292
f 1282 1292 1299
f 1292 1281 1298
f 1299 1298 1285
f 1292 1298 1299
f 1282 1299 1304
f 1299 1285 1305
f 1304 1305 1287
f 1299 1305 1304
f 1282 1304 1308
f 1304 1287 1311
f 1308 1311 1288
f 1304 1311 1308
f 1283 1309 1297
f 1309 1288 1310
f 1297 1310 1284
f 1309 1310 1297
f 1281 1293 1317
f 1293 1283 1318
f 1317 1318 1290
f 1293 1318 1317
f 1285 1298 1314
f 1298 1281 1313
f 1314 1313 1289
f 1298 1313 1314
f 1287 1305 1306
f 1305 1285 1302
f 1306 1302 1286
f 1305 1302 1306
f 1288 1311 1307
f 1311 1287 1303
f 1307 1303 1280
f 1311 1303 1307
o red_hair_curl
v 10.239023 76.253254 -12.426945
v 15.496334 76.253254 -12.426945
v 10.239023 67.746746 -12.426945
v 15.496334 67.746746 -12.426945
v 12.867679 69.371344 -8.173690
v 12.867679 74.628656 -8.173690
v 12.867679 69.371344 -16.680199
v 12.867679 74.628656 -16.680199
v 17.120933 72.000000 -15.055600
v 17.120933 72.000000 -9.798289
v 8.614425 72.000000 -15.055600
v 8.614425 72.000000 -9.798289
v 12.867679 77.000000 -12.426945
v 12.867679 67.000000 -12.426945
v 11.322594 67.954915 -9.926945
v 14.412764 67.954915 -9.926945
v 11.322594 76.045085 -9.926945
v 14.412764 76.045085 -9.926945
v 12.867679 72.000000 -7.426945
v 11.322594 67.954915 -14.926945
v 14.412764 67.954915 -14.926945
v 11.322594 76.045085 -14.926945
v 14.412764 76.045085 -14.926945
v 12.867679 72.000000 -17.426945
v 16.912764 74.500000 -13.972029
v 16.912764 69.500000 -13.972029
v 15.367679 70.454915 -16.472029
v 15.367679 73.545085 -16.472029
v 16.912764 74.500000 -10.881860
v 16.912764 69.500000 -10.881860
v 15.367679 70.454915 -8.381860
v 15.367679 73.545085 -8.381860
v 17.867679 72.000000 -12.426945
v 8.822594 74.500000 -13.972029
v 8.822594 69.500000 -13.972029
v 10.367679 70.454915 -16.472029
v 10.367679 73.545085 -16.472029
v 8.822594 74.500000 -10.881860
v 8.822594 69.500000 -10.881860
v 10.367679 70.454915 -8.381860
v 10.367679 73.545085 -8.381860
v 7.867679 72.000000 -12.426945
f 1321 1358 1337
f 1358 1332 1361
f 1337 1361 1326
f 1358 1361 1337
f 1321 1337 1333
f 1337 1326 1338
f 1333 1338 1322
f 1337 1338 1333
f 1321 1333 1342
f 1333 1322 1343
f 1342 1343 1328
f 1333 1343 1342
f 1321 1342 1354
f 1342 1328 1357
f 1354 1357 1331
f 1342 1357 1354
f 1321 1354 1358
f 1354 1331 1362
f 1358 1362 1332
f 1354 1362 1358
f 1322 1338 1349
f 1338 1326 1352
f 1349 1352 1330
f 1338 1352 1349
f 1326 1361 1339
f 1361 1332 1360
f 1339 1360 1325
f 1361 1360 1339
f 1332 1362 1359
f 1362 1331 1355
f 1359 1355 1323
f 1362 1355 1359
f 1331 1357 1356
f 1357 1328 1344
f 1356 1344 1327
f 1357 1344 1356
f 1328 1343 1348
f 1343 1322 1345
f 1348 1345 1329
f 1343 1345 1348
f 1324 1350 1336
f 1350 1330 1351
f 1336 1351 1325
f 1350 1351 1336
f 1324 1336 1334
f 1336 1325 1335
f 1334 1335 1323
f 1336 1335 1334
f 1324 1334 1341
f 1334 1323 1340
f 1341 1340 1327
f 1334 1340 1341
f 1324 1341 1346
f 1341 1327 1347
f 1346 1347 1329
f 1341 1347 1346
f 1324 1346 1350
f 1346 1329 1353
f 1350 1353 1330
f 1346 1353 1350
f 1325 1351 1339
f 1351 1330 1352
f 1339 1352 1326
f 1351 1352 1339
f 1323 1335 1359
f 1335 1325 1360
f 1359 1360 1332
f 1335 1360 1359
f 1327 1340 1356
f 1340 1323 1355
f 1356 1355 1331
f 1340 1355 1356
f 1329 1347 1348
f 1347 1327 1344
f 1348 1344 1328
f 1347 1344 1348
f 1330 1353 1349
f 1353 1329 1345
f 1349 1345 1322
f 1353 1345 1349
o red_hair_curl
v 7.196089 78.253254 -13.964582
v 12.453400 78.253254 -13.964582
v 7.196089 69.746746 -13.964582
v 12.453400 69.746746 -13.964582
v 9.824744 71.371344 -9.711328
v 9.824744 76.628656 -9.711328
v 9.824744 71.371344 -18.217836
v 9.824744 76.628656 -18.217836
v 14.077999 74.000000 -16.593238
v 14.077999 74.000000 -11.335927
v 5.571490 74.000000 -16.593238
v 5.571490 74.000000 -11.335927
v 9.824744 79.000000 -13.964582
v 9.824744 69.000000 -13.964582
v 8.279659 69.954915 -11.464582
v 11.369829 69.954915 -11.464582
v 8.279659 78.045085 -11.464582
v 11.369829 78.045085 -11.464582
v 9.824744 74.000000 -8.964582
v 8.279659 69.954915 -16.464582
v 11.369829 69.954915 -16.464582
v 8.279659 78.045085 -16.464582
v 11.369829 78.045085 -16.464582
v 9.824744 74.000000 -18.964582
v 13.869829 76.500000 -15.509667
v 13.869829 71.500000 -15.509667
v 12.324744 72.454915 -18.009667
v 12.324744 75.545085 -18.009667
v 13.869829 76.500000 -12.419497
v 13.869829 71.500000 -12.419497
v 12.324744 72.454915 -9.919497
v 12.324744 75.545085 -9.919497
v 14.824744 74.000000 -13.964582
v 5.779659 76.500000 -15.509667
v 5.779659 71.500000 -15.509667
v 7.324744 72.454915 -18.009667
v 7.324744 75.545085 -18.009667
v 5.779659 76.500000 -12.419497
v 5.779659 71.500000 -12.419497
v 7.324744 72.454915 -9.919497
v 7.324744 75.545085 -9.919497
v 4.824744 74.000000 -13.964582
f 1363 1400 1379
f 1400 1374 1403
f 1379 1403 1368
f 1400 1403 1379
f 1363 1379 1375
f 1379 1368 1380
f 1375 1380 1364
f 1379 1380 1375
f 1363 1375 1384
f 1375 1364 1385
f 1384 1385 1370
f 1375 1385 1384
f 1363 1384 1396
f 1384 1370 1399
f 1396 1399 1373
f 1384 1399 1396
f 1363 1396 1400
f 1396 1373 1404
f 1400 1404 1374
f 1396 1404 1400
f 1364 1380 1391
f 1380 1368 1394
f 1391 1394 1372
f 1380 1394 1391
f 1368 1403 1381
f 1403 1374 1402
f 1381 1402 1367
f 1403 1402 1381
f 1374 1404 1401
f 1404 1373 1397
f 1401 1397 1365
f 1404 1397 1401
f 1373 1399 1398
f 1399 1370 1386
f 1398 1386 1369
f 1399 1386 1398
f 1370 1385 1390
f 1385 1364 1387
f 1390 1387 1371
f 1385 1387 1390
f 1366 1392 1378
f 1392 1372 1393
f 1378 1393 1367
f 1392 1393 1378
f 1366 1378 1376
f 1378 1367 1377
f 1376 1377 1365
f 1378 1377 1376
f 1366 1376 1383
f 1376 1365 1382
f 1383 1382 1369
f 1376 1382 1383
f 1366 1383 1388
f 1383 1369 1389
f 1388 1389 1371
f 1383 1389 1388
f 1366 1388 1392
f 1388 1371 1395
f 1392 1395 1372
f 1388 1395 1392
f 1367 1393 1381
f 1393 1372 1394
f 1381 1394 1368
f 1393 1394 1381
f 1365 1377 1401
f 1377 1367 1402
f 1401 1402 1374
f 1377 1402 1401
f 1369 1382 1398
f 1382 1365 1397
f 1398 1397 1373
f 1382 1397 1398
f 1371 1389 1390
f 1389 1369 1386
f 1390 1386 1370
f 1389 1386 1390
f 1372 1395 1391
f 1395 1371 1387
f 1391 1387 1364
f 1395 1387 1391
o red_hair_curl
v 1.033868 80.253254 -14.878479
v 6.291179 80.253254 -14.878479
v 1.033868 71.746746 -14.878479
v 6.291179 71.746746 -14.878479
v 3.662523 73.371344 -10.625225
v 3.662523 78.628656 -10.625225
v 3.662523 73.371344 -19.131733
v 3.662523 78.628656 -19.131733
v 7.915777 76.000000 -17.507134
v 7.915777 76.000000 -12.249823
v -0.590731 76.000000 -17.507134
v -0.590731 76.000000 -12.249823
v 3.662523 81.000000 -14.878479
v 3.662523 71.000000 -14.878479
v 2.117438 71.954915 -12.378479
v 5.207608 71.954915 -12.378479
v 2.117438 80.045085 -12.378479
v 5.207608 80.045085 -12.378479
v 3.662523 76.000000 -9.878479
v 2.117438 71.954915 -17.378479
v 5.207608 71.954915 -17.378479
v 2.117438 80.045085 -17.378479
v 5.207608 80.045085 -17.378479
v 3.662523 76.000000 -19.878479
v 7.707608 78.500000 -16.423564
v 7.707608 73.500000 -16.423564
v 6.162523 74.454915 -18.923564
v 6.162523 77.545085 -18.923564
v 7.707608 78.500000 -13.333394
v 7.707608 73.500000 -13.333394
v 6.162523 74.454915 -10.833394
v 6.162523 77.545085 -10.833394
v 8.662523 76.000000 -14.878479
v -0.382562 78.500000 -16.423564
v -0.382562 73.500000 -16.423564
v 1.162523 74.454915 -18.923564
v 1.162523 77.545085 -18.923564
v -0.382562 78.500000 -13.333394
v -0.382562 73.500000 -13.333394
v 1.162523 74.454915 -10.833394
v 1.162523 77.545085 -10.833394
v -1.337477 76.000000 -14.878479
f 1405 1442 1421
f 1442 1416 1445
f 1421 1445 1410
f 1442 1445 1421
f 1405 1421 1417
f 1421 1410 1422
f 1417 1422 1406
f 1421 1422 1417
f 1405 1417 1426
f 1417 1406 1427
f 1426 1427 1412
f 1417 1427 1426
f 1405 1426 1438
f 1426 1412 1441
f 1438 1441 1415
f 1426 1441 1438
f 1405 1438 1442
f 1438 1415 1446
f 1442 1446 1416
f 1438 1446 1442
f 1406 1422 1433
f 1422 1410 1436
f 1433 1436 1414
f 1422 1436 1433
f 1410 1445 1423
f 1445 1416 1444
f 1423 1444 1409
f 1445 1444 1423
f 1416 1446 1443
f 1446 1415 1439
f 1443 1439 1407
f 1446 1439 1443
f 1415 1441 1440
f 1441 1412 1428
f 1440 1428 1411
f 1441 1428 1440
f 1412 1427 1432
f 1427 1406 1429
f 1432 1429 1413
f 1427 1429 1432
f 1408 1434 1420
f 1434 1414 1435
f 1420 1435 1409
f 1434 1435 1420
f 1408 1420 1418
f 1420 1409 1419
f 1418 1419 1407
f 1420 1419 1418
f 1408 1418 1425
f 1418 1407 1424
f 1425 1424 1411
f 1418 1424 1425
f 1408 1425 1430
f 1425 1411 1431
f 1430 1431 1413
f 1425 1431 1430
f 1408 1430 1434
f 1430 1413 1437
f 1434 1437 1414
f 1430 1437 1434
f 1409 1435 1423
f 1435 1414 1436
f 1423 1436 1410
f 1435 1436 1423
f 1407 1419 1443
f 1419 1409 1444
f 1443 1444 1416
f 1419 1444 1443
f 1411 1424 1440
f 1424 1407 1439
f 1440 1439 1415
f 1424 1439 1440
f 1413 1431 1432
f 1431 1411 1428
f 1432 1428 1412
f 1431 1428 1432
f 1414 1437 1433
f 1437 1413 1429
f 1433 1429 1406
f 1437 1429 1433
o red_hair_curl
v -6.291179 76.253254 -14.878479
v -1.033868 76.253254 -14.878479
v -6.291179 67.746746 -14.878479
v -1.033868 67.746746 -14.878479
v -3.662523 69.371344 -10.625225
v -3.662523 74.628656 -10.625225
v -3.662523 69.371344 -19.131733
v -3.662523 74.628656 -19.131733
v 0.590731 72.000000 -17.507134
v 0.590731 72.000000 -12.249823
v -7.915777 72.000000 -17.507134
v -7.915777 72.000000 -12.249823
v -3.662523 77.000000 -14.878479
v -3.662523 67.000000 -14.878479
v -5.207608 67.954915 -12.378479
v -2.117438 67.954915 -12.378479
v -5.207608 76.045085 -12.378479
v -2.117438 76.045085 -12.378479
v -3.662523 72.000000 -9.878479
v -5.207608 67.954915 -17.378479
v -2.117438 67.954915 -17.378479
v -5.207608 76.045085 -17.378479
v -2.117438 76.045085 -17.378479
v -3.662523 72.000000 -19.878479
v 0.382562 74.500000 -16.423564
v 0.382562 69.500000 -16.423564
v -1.162523 70.454915 -18.923564
v -1.162523 73.545085 -18.923564
v 0.382562 74.500000 -13.333394
v 0.382562 69.500000 -13.333394
v -1.162523 70.454915 -10.833394
v -1.162523 73.545085 -10.833394
v 1.337477 72.000000 -14.878479
v -7.707608 74.500000 -16.423564
v -7.707608 69.500000 -16.423564
v -6.162523 70.454915 -18.923564
v -6.162523 73.545085 -18.923564
v -7.707608 74.500000 -13.333394
v -7.707608 69.500000 -13.333394
v -6.162523 70.454915 -10.833394
v -6.162523 73.545085 -10.833394
v -8.662523 72.000000 -14.878479
f 1447 1484 1463
f 1484 1458 1487
f 1463 1487 1452
f 1484 1487 1463
f 1447 1463 1459
f 1463 1452 1464
f 1459 1464 1448
f 1463 1464 1459
f 1447 1459 1468
f 1459 1448 1469
f 1468 1469 1454
f 1459 1469 1468
f 1447 1468 1480
f 1468 1454 1483
f 1480 1483 1457
f 1468 1483 1480
f 1447 1480 1484
f 1480 1457 1488
f 1484 1488 1458
f 1480 1488 1484
f 1448 1464 1475
f 1464 1452 1478
f 1475 1478 1456
f 1464 1478 1475
f 1452 1487 1465
f 1487 1458 1486
f 1465 1486 1451
f 1487 1486 1465
f 1458 1488 1485
f 1488 1457 1481
f 1485 1481 1449
f 1488 1481 1485
f 1457 1483 1482
f 1483 1454 1470
f 1482 1470 1453
f 1483 1470 1482
f 1454 1469 1474
f 1469 1448 1471
f 1474 1471 1455
f 1469 1471 1474
f 1450 1476 1462
f 1476 1456 1477
f 1462 1477 1451
f 1476 1477 1462
f 1450 1462 1460
f 1462 1451 1461
f 1460 1461 1449
f 1462 1461 1460
f 1450 1460 1467
f 1460 1449 1466
f 1467 1466 1453
f 1460 1466 1467
f 1450 1467 1472
f 1467 1453 1473
f 1472 1473 1455
f 1467 1473 1472
f 1450 1472 1476
f 1472 1455 1479
f 1476 1479 1456
f 1472 1479 1476
f 1451 1477 1465
f 1477 1456 1478
f 1465 1478 1452
f 1477 1478 1465
f 1449 1461 1485
f 1461 1451 1486
f 1485 1486 1458
f 1461 1486 1485
f 1453 1466 1482
f 1466 1449 1481
f 1482 1481 1457
f 1466 1481 1482
f 1455 1473 1474
f 1473 1453 1470
f 1474 1470 1454
f 1473 1470 1474
f 1456 1479 1475
f 1479 1455 1471
f 1475 1471 1448
f 1479 1471 1475
o red_hair_curl
v -12.453400 78.253254 -13.964582
v -7.196089 78.253254 -13.964582
v -12.453400 69.746746 -13.964582
v -7.196089 69.746746 -13.964582
v -9.824744 71.371344 -9.711328
v -9.824744 76.628656 -9.711328
v -9.824744 71.371344 -18.217836
v -9.824744 76.628656 -18.217836
v -5.571490 74.000000 -16.593238
v -5.571490 74.000000 -11.335927
v -14.077999 74.000000 -16.593238
v -14.077999 74.000000 -11.335927
v -9.824744 79.000000 -13.964582
v -9.824744 69.000000 -13.964582
v -11.369829 69.954915 -11.464582
v -8.279659 69.954915 -11.464582
v -11.369829 78.045085 -11.464582
v -8.279659 78.045085 -11.464582
v -9.824744 74.000000 -8.964582
v -11.369829 69.954915 -16.464582
v -8.279659 69.954915 -16.464582
v -11.369829 78.045085 -16.464582
v -8.279659 78.045085 -16.464582
v -9.824744 74.000000 -18.964582
v -5.779659 76.500000 -15.509667
v -5.779659 71.500000 -15.509667
v -7.324744 72.454915 -18.009667
v -7.324744 75.545085 -18.009667
v -5.779659 76.500000 -12.419497
v -5.779659 71.500000 -12.419497
v -7.324744 72.454915 -9.919497
v -7.324744 75.545085 -9.919497
v -4.824744 74.000000 -13.964582
v -13.869829 76.500000 -15.509667
v -13.869829 71.500000 -15.509667
v -12.324744 72.454915 -18.009667
v -12.324744 75.545085 -18.009667
v -13.869829 76.500000 -12.419497
v -13.869829 71.500000 -12.419497
v -12.324744 72.454915 -9.919497
v -12.324744 75.545085 -9.919497
v -14.824744 74.000000 -13.964582
f 1489 1526 1505
f 1526 1500 1529
f 1505 1529 1494
f 1526 1529 1505
f 1489 1505 1501
f 1505 1494 1506
f 1501 1506 1490
f 1505 1506 1501
f 1489 1501 1510
f 1501 1490 1511
f 1510 1511 1496
f 1501 1511 1510
f 1489 1510 1522
f 1510 1496 1525
f 1522 1525 1499
f 1510 1525 1522
f 1489 1522 1526
f 1522 1499 1530
f 1526 1530 1500
f 1522 1530 1526
f 1490 1506 1517
f 1506 1494 1520
f 1517 1520 1498
f 1506 1520 1517
f 1494 1529 1507
f 1529 1500 1528
f 1507 1528 1493
f 1529 1528 1507
f 1500 1530 1527
f 1530 1499 1523
f 1527 1523 1491
f 1530 1523 1527
f 1499 1525 1524
f 1525 1496 1512
f 1524 1512 1495
f 1525 1512 1524
f 1496 1511 1516
f 1511 1490 1513
f 1516 1513 1497
f 1511 1513 1516
f 1492 1518 1504
f 1518 1498 1519
f 1504 1519 1493
f 1518 1519 1504
f 1492 1504 1502
f 1504 1493 1503
f 1502 1503 1491
f 1504 1503 1502
f 1492 1502 1509
f 1502 1491 1508
f 1509 1508 1495
f 1502 1508 1509
f 1492 1509 1514
f 1509 1495 1515
f 1514 1515 1497
f 1509 1515 1514
f 1492 1514 1518
f 1514 1497 1521
f 1518 1521 1498
f 1514 1521 1518
f 1493 1519 1507
f 1519 1498 1520
f 1507 1520 1494
f 1519 1520 1507
f 1491 1503 1527
f 1503 1493 1528
f 1527 1528 1500
f 1503 1528 1527
f 1495 1508 1524
f 1508 1491 1523
f 1524 1523 1499
f 1508 1523 1524
f 1497 1515 1516
f 1515 1495 1512
f 1516 1512 1496
f 1515 1512 1516
f 1498 1521 1517
f 1521 1497 1513
f 1517 1513 1490
f 1521 1513 1517
o red_hair_curl
v -15.496334 80.253254 -12.426945
v -10.239023 80.253254 -12.426945
v -15.496334 71.746746 -12.426945
v -10.239023 71.746746 -12.426945
v -12.867679 73.371344 -8.173690
v -12.867679 78.628656 -8.173690
v -12.867679 73.371344 -16.680199
v -12.867679 78.628656 -16.680199
v -8.614425 76.000000 -15.055600
v -8.614425 76.000000 -9.798289
v -17.120933 76.000000 -15.055600
v -17.120933 76.000000 -9.798289
v -12.867679 81.000000 -12.426945
v -12.867679 71.000000 -12.426945
v -14.412764 71.954915 -9.926945
v -11.322594 71.954915 -9.926945
v -14.412764 80.045085 -9.926945
v -11.322594 80.045085 -9.926945
v -12.867679 76.000000 -7.426945
v -14.412764 71.954915 -14.926945
v -11.322594 71.954915 -14.926945
v -14.412764 80.045085 -14.926945
v -11.322594 80.045085 -14.926945
v -12.867679 76.000000 -17.426945
v -8.822594 78.500000 -13.972029
v -8.822594 73.500000 -13.972029
v -10.367679 74.454915 -16.472029
v -10.367679 77.545085 -16.472029
v -8.822594 78.500000 -10.881860
v -8.822594 73.500000 -10.881860
v -10.367679 74.454915 -8.381860
v -10.367679 77.545085 -8.381860
v -7.867679 76.000000 -12.426945
v -16.912764 78.500000 -13.972029
v -16.912764 73.500000 -13.972029
v -15.367679 74.454915 -16.472029
v -15.367679 77.545085 -16.472029
v -16.912764 78.500000 -10.881860
v -16.912764 73.500000 -10.881860
v -15.367679 74.454915 -8.381860
v -15.367679 77.545085 -8.381860
v -17.867679 76.000000 -12.426945
f 1531 1568 1547
f 1568 1542 1571
f 1547 1571 1536
f 1568 1571 1547
f 1531 1547 1543
f 1547 1536 1548
f 1543 1548 1532
f 1547 1548 1543
f 1531 1543 1552
f 1543 1532 1553
f 1552 1553 1538
f 1543 1553 1552
f 1531 1552 1564
f 1552 1538 1567
f 1564 1567 1541
f 1552 1567 1564
f 1531 1564 1568
f 1564 1541 1572
f 1568 1572 1542
f 1564 1572 1568
f 1532 1548 1559
f 1548 1536 1562
f 1559 1562 1540
f 1548 1562 1559
f 1536 1571 1549
f 1571 1542 1570
f 1549 1570 1535
f 1571 1570 1549
f 1542 1572 1569
f 1572 1541 1565
f 1569 1565 1533
f 1572 1565 1569
f 1541 1567 1566
f 1567 1538 1554
f 1566 1554 1537
f 1567 1554 1566
f 1538 1553 1558
f 1553 1532 1555
f 1558 1555 1539
f 1553 1555 1558
f 1534 1560 1546
f 1560 1540 1561
f 1546 1561 1535
f 1560 1561 1546
f 1534 1546 1544
f 1546 1535 1545
f 1544 1545 1533
f 1546 1545 1544
f 1534 1544 1551
f 1544 1533 1550
f 1551 1550 1537
f 1544 1550 1551
f 1534 1551 1556
f 1551 1537 1557
f 1556 1557 1539
f 1551 1557 1556
f 1534 1556 1560
f 1556 1539 1563
f 1560 1563 1540
f 1556 1563 1560
f 1535 1561 1549
f 1561 1540 1562
f 1549 1562 1536
f 1561 1562 1549
f 1533 1545 1569
f 1545 1535 1570
f 1569 1570 1542
f 1545 1570 1569
f 1537 1550 1566
f 1550 1533 1565
f 1566 1565 1541
f 1550 1565 1566
f 1539 1557 1558
f 1557 1537 1554
f 1558 1554 1538
f 1557 1554 1558
f 1540 1563 1559
f 1563 1539 1555
f 1559 1555 1532
f 1563 1555 1559
o red_hair_curl
v -14.453872 76.253254 -10.753755
v -9.196560 76.253254 -10.753755
v -14.453872 67.746746 -10.753755
v -9.196560 67.746746 -10.753755
v -11.825216 69.371344 -6.500501
v -11.825216 74.628656 -6.500501
v -11.825216 69.371344 -15.007009
v -11.825216 74.628656 -15.007009
v -7.571962 72.000000 -13.382411
v -7.571962 72.000000 -8.125099
v -16.078470 72.000000 -13.382411
v -16.078470 72.000000 -8.125099
v -11.825216 77.000000 -10.753755
v -11.825216 67.000000 -10.753755
v -13.370301 67.954915 -8.253755
v -10.280131 67.954915 -8.253755
v -13.370301 76.045085 -8.253755
v -10.280131 76.045085 -8.253755
v -11.825216 72.000000 -5.753755
v -13.370301 67.954915 -13.253755
v -10.280131 67.954915 -13.253755
v -13.370301 76.045085 -13.253755
v -10.280131 76.045085 -13.253755
v -11.825216 72.000000 -15.753755
v -7.780131 74.500000 -12.298840
v -7.780131 69.500000 -12.298840
v -9.325216 70.454915 -14.798840
v -9.325216 73.545085 -14.798840
v -7.780131 74.500000 -9.208670
v -7.780131 69.500000 -9.208670
v -9.325216 70.454915 -6.708670
v -9.325216 73.545085 -6.708670
v -6.825216 72.000000 -10.753755
v -15.870301 74.500000 -12.298840
v -15.870301 69.500000 -12.298840
v -14.325216 70.454915 -14.798840
v -14.325216 73.545085 -14.798840
v -15.870301 74.500000 -9.208670
v -15.870301 69.500000 -9.208670
v -14.325216 70.454915 -6.708670
v -14.325216 73.545085 -6.708670
v -16.825216 72.000000 -10.753755
f 1573 1610 1589
f 1610 1584 1613
f 1589 1613 1578
f 1610 1613 1589
f 1573 1589 1585
f 1589 1578 1590
f 1585 1590 1574
f 1589 1590 1585
f 1573 1585 1594
f 1585 1574 1595
f 1594 1595 1580
f 1585 1595 1594
f 1573 1594 1606
f 1594 1580 1609
f 1606 1609 1583
f 1594 1609 1606
f 1573 1606 1610
f 1606 1583 1614
f 1610 1614 1584
f 1606 1614 1610
f 1574 1590 1601
f 1590 1578 1604
f 1601 1604 1582
f 1590 1604 1601
f 1578 1613 1591
f 1613 1584 1612
f 1591 1612 1577
f 1613 1612 1591
f 1584 1614 1611
f 1614 1583 1607
f 1611 1607 1575
f 1614 1607 1611
f 1583 1609 1608
f 1609 1580 1596
f 1608 1596 1579
f 1609 1596 1608
f 1580 1595 1600
f 1595 1574 1597
f 1600 1597 1581
f 1595 1597 1600
f 1576 1602 1588
f 1602 1582 1603
f 1588 1603 1577
f 1602 1603 1588
f 1576 1588 1586
f 1588 1577 1587
f 1586 1587 1575
f 1588 1587 1586
f 1576 1586 1593
f 1586 1575 1592
f 1593 1592 1579
f 1586 1592 1593
f 1576 1593 1598
f 1593 1579 1599
f 1598 1599 1581
f 1593 1599 1598
f 1576 1598 1602
f 1598 1581 1605
f 1602 1605 1582
f 1598 1605 1602
f 1577 1603 1591
f 1603 1582 1604
f 1591 1604 1578
f 1603 1604 1591
f 1575 1587 1611
f 1587 1577 1612
f 1611 1612 1584
f 1587 1612 1611
f 1579 1592 1608
f 1592 1575 1607
f 1608 1607 1583
f 1592 1607 1608
f 1581 1599 1600
f 1599 1579 1596
f 1600 1596 1580
f 1599 1596 1600
f 1582 1605 1601
f 1605 1581 1597
f 1601 1597 1574
f 1605 1597 1601
o red_hair_curl
v -9.656986 78.253254 -9.476239
v -4.399675 78.253254 -9.476239
v -9.656986 69.746746 -9.476239
v -4.399675 69.746746 -9.476239
v -7.028331 71.371344 -5.222985
v -7.028331 76.628656 -5.222985
v -7.028331 71.371344 -13.729493
v -7.028331 76.628656 -13.729493
v -2.775077 74.000000 -12.104895
v -2.775077 74.000000 -6.847584
v -11.281585 74.000000 -12.104895
v -11.281585 74.000000 -6.847584
v -7.028331 79.000000 -9.476239
v -7.028331 69.000000 -9.476239
v -8.573416 69.954915 -6.976239
v -5.483246 69.954915 -6.976239
v -8.573416 78.045085 -6.976239
v -5.483246 78.045085 -6.976239
v -7.028331 74.000000 -4.476239
v -8.573416 69.954915 -11.976239
v -5.483246 69.954915 -11.976239
v -8.573416 78.045085 -11.976239
v -5.483246 78.045085 -11.976239
v -7.028331 74.000000 -14.476239
v -2.983246 76.500000 -11.021324
v -2.983246 71.500000 -11.021324
v -4.528331 72.454915 -13.521324
v -4.528331 75.545085 -13.521324
v -2.983246 76.500000 -7.931154
v -2.983246 71.500000 -7.931154
v -4.528331 72.454915 -5.431154
v -4.528331 75.545085 -5.431154
v -2.028331 74.000000 -9.476239
v -11.073416 76.500000 -11.021324
v -11.073416 71.500000 -11.021324
v -9.528331 72.454915 -13.521324
v -9.528331 75.545085 -13.521324
v -11.073416 76.500000 -7.931154
v -11.073416 71.500000 -7.931154
v -9.528331 72.454915 -5.431154
v -9.528331 75.545085 -5.431154
v -12.028331 74.000000 -9.476239
f 1615 1652 1631
f 1652 1626 1655
f 1631 1655 1620
f 1652 1655 1631
f 1615 1631 1627
f 1631 1620 1632
f 1627 1632 1616
f 1631 1632 1627
f 1615 1627 1636
f 1627 1616 1637
f 1636 1637 1622
f 1627 1637 1636
f 1615 1636 1648
f 1636 1622 1651
f 1648 1651 1625
f 1636 1651 1648
f 1615 1648 1652
f 1648 1625 1656
f 1652 1656 1626
f 1648 1656 1652
f 1616 1632 1643
f 1632 1620 1646
f 1643 1646 1624
f 1632 1646 1643
f 1620 1655 1633
f 1655 1626 1654
f 1633 1654 1619
f 1655 1654 1633
f 1626 1656 1653
f 1656 1625 1649
f 1653 1649 1617
f 1656 1649 1653
f 1625 1651 1650
f 1651 1622 1638
f 1650 1638 1621
f 1651 1638 1650
f 1622 1637 1642
f 1637 1616 1639
f 1642 1639 1623
f 1637 1639 1642
f 1618 1644 1630
f 1644 1624 1645
f 1630 1645 1619
f 1644 1645 1630
f 1618 1630 1628
f 1630 1619 1629
f 1628 1629 1617
f 1630 1629 1628
f 1618 1628 1635
f 1628 1617 1634
f 1635 1634 1621
f 1628 1634 1635
f 1618 1635 1640
f 1635 1621 1641
f 1640 1641 1623
f 1635 1641 1640
f 1618 1640 1644
f 1640 1623 1647
f 1644 1647 1624
f 1640 1647 1644
f 1619 1645 1633
f 1645 1624 1646
f 1633 1646 1620
f 1645 1646 1633
f 1617 1629 1653
f 1629 1619 1654
f 1653 1654 1626
f 1629 1654 1653
f 1621 1634 1650
f 1634 1617 1649
f 1650 1649 1625
f 1634 1649 1650
f 1623 1641 1642
f 1641 1621 1638
f 1642 1638 1622
f 1641 1638 1642
f 1624 1647 1643
f 1647 1623 1639
f 1643 1639 1616
f 1647 1639 1643
o linen_turban
v 21.643228 76.390274 0.000000
v 20.404289 74.189310 0.000000
v 17.971909 73.509056 0.000000
v 15.770945 74.747995 0.000000
v 15.090691 77.180374 0.000000
v 16.329631 79.381339 -0.000000
v 18.762010 80.061593 -0.000000
v 20.962974 78.822653 -0.000000
v 21.100587 76.455705 4.850956
v 19.885707 74.251840 4.635879
v 17.511411 73.564582 4.116637
v 15.368531 74.796518 3.597395
v 14.712336 77.225996 3.382318
v 15.927217 79.429861 3.597395
v 18.301512 80.117119 4.116637
v 20.444392 78.885183 4.635879
v 19.499875 76.648718 9.458666
v 18.355965 74.436295 9.039296
v 16.153009 73.728378 8.026849
v 14.181467 74.939653 7.014402
v 13.596243 77.360574 6.595033
v 14.740153 79.572997 7.014402
v 16.943109 80.280915 8.026849
v 18.914651 79.069639 9.039296
v 16.921357 76.959634 13.592078
v 15.891771 74.733426 12.989445
v 13.964817 73.992228 11.534561
v 12.269278 75.170224 10.079678
v 11.798378 77.577359 9.477045
v 12.827963 79.803567 10.079678
v 14.754918 80.544765 11.534561
v 16.450457 79.366769 12.989445
v 13.494332 77.372862 17.043926
v 12.616691 75.128333 16.288249
v 11.056562 74.342904 14.463882
v 9.727848 75.476668 12.639516
v 9.408892 77.865482 11.883839
v 10.286534 80.110011 12.639516
v 11.846662 80.895441 14.463882
v 13.175376 79.761677 16.288249
v 9.390645 77.867682 19.641121
v 8.694949 75.601214 18.770292
v 7.574075 74.762820 16.667924
v 6.684616 75.843619 14.565556
v 6.547606 78.210494 13.694727
v 7.243302 80.476962 14.565556
v 8.364175 81.315357 16.667924
v 9.253634 80.234558 18.770292
v 4.816071 78.419281 21.253428
v 4.323198 76.128357 20.311114
v 3.691983 75.230920 18.036166
v 3.292182 76.252676 15.761219
v 3.357995 78.595095 14.818904
v 3.850868 80.886020 15.761219
v 4.482083 81.783457 18.036166
v 4.881884 80.761700 20.311114
v 0.000000 79.000000 21.800000
v -0.279343 76.683328 20.833452
v -0.395050 75.723732 18.500000
v -0.279343 76.683328 16.166548
v 0.000000 79.000000 15.200000
v 0.279343 81.316672 16.166548
v 0.395050 82.276268 18.500000
v 0.279343 81.316672 20.833452
v -4.816071 79.580719 21.253428
v -4.881884 77.238300 20.311114
v -4.482083 76.216543 18.036166
v -3.850868 77.113980 15.761219
v -3.357995 79.404905 14.818904
v -3.292182 81.747324 15.761219
v -3.691983 82.769080 18.036166
v -4.323198 81.871643 20.311114
v -9.390645 80.132318 19.641121
v -9.253634 77.765442 18.770292
v -8.364175 76.684643 16.667924
v -7.243302 77.523038 14.565556
v -6.547606 79.789506 13.694727
v -6.684616 82.156381 14.565556
v -7.574075 83.237180 16.667924
v -8.694949 82.398786 18.770292
v -13.494332 80.627138 17.043926
v -13.175376 78.238323 16.288249
v -11.846662 77.104559 14.463882
v -10.286534 77.889989 12.639516
v -9.408892 80.134518 11.883839
v -9.727848 82.523332 12.639516
v -11.056562 83.657096 14.463882
v -12.616691 82.871667 16.288249
v -16.921357 81.040366 13.592078
v -16.450457 78.633231 12.989445
v -14.754918 77.455235 11.534561
v -12.827963 78.196433 10.079678
v -11.798378 80.422641 9.477045
v -12.269278 82.829776 10.079678
v -13.964817 84.007772 11.534561
v -15.891771 83.266574 12.989445
v -19.499875 81.351282 9.458666
v -18.914651 78.930361 9.039296
v -16.943109 77.719085 8.026849
v -14.740153 78.427003 7.014402
v -13.596243 80.639426 6.595033
v -14.181467 83.060347 7.014402
v -16.153009 84.271622 8.026849
v -18.355965 83.563705 9.039296
v -21.100587 81.544295 4.850956
v -20.444392 79.114817 4.635879
v -18.301512 77.882881 4.116637
v -15.927217 78.570139 3.597395
v -14.712336 80.774004 3.382318
v -15.368531 83.203482 3.597395
v -17.511411 84.435418 4.116637
v -19.885707 83.748160 4.635879
v -21.643228 81.609726 0.000000
v -20.962974 79.177347 0.000000
v -18.762010 77.938407 0.000000
v -16.329631 78.618661 0.000000
v -15.090691 80.819626 0.000000
v -15.770945 83.252005 0.000000
v -17.971909 84.490944 0.000000
v -20.404289 83.810690 0.000000
v -21.100587 81.544295 -4.850956
v -20.444392 79.114817 -4.635879
v -18.301512 77.882881 -4.116637
v -15.927217 78.570139 -3.597395
v -14.712336 80.774004 -3.382318
v -15.368531 83.203482 -3.597395
v -17.511411 84.435418 -4.116637
v -19.885707 83.748160 -4.635879
v -19.499875 81.351282 -9.458666
v -18.914651 78.930361 -9.039296
v -16.943109 77.719085 -8.026849
v -14.740153 78.427003 -7.014402
v -13.596243 80.639426 -6.595033
v -14.181467 83.060347 -7.014402
v -16.153009 84.271622 -8.026849
v -18.355965 83.563705 -9.039296
v -16.921357 81.040366 -13.592078
v -16.450457 78.633231 -12.989445
v -14.754918 77.455235 -11.534561
v -12.827963 78.196433 -10.079678
v -11.798378 80.422641 -9.477045
v -12.269278 82.829776 -10.079678
v -13.964817 84.007772 -11.534561
v -15.891771 83.266574 -12.989445
v -13.494332 80.627138 -17.043926
v -13.175376 78.238323 -16.288249
v -11.846662 77.104559 -14.463882
v -10.286534 77.889989 -12.639516
v -9.408892 80.134518 -11.883839
v -9.727848 82.523332 -12.639516
v -11.056562 83.657096 -14.463882
v -12.616691 82.871667 -16.288249
v -9.390645 80.132318 -19.641121
v -9.253634 77.765442 -18.770292
v -8.364175 76.684643 -16.667924
v -7.243302 77.523038 -14.565556
v -6.547606 79.789506 -13.694727
v -6.684616 82.156381 -14.565556
v -7.574075 83.237180 -16.667924
v -8.694949 82.398786 -18.770292
v -4.816071 79.580719 -21.253428
v -4.881884 77.238300 -20.311114
v -4.482083 76.216543 -18.036166
v -3.850868 77.113980 -15.761219
v -3.357995 79.404905 -14.818904
v -3.292182 81.747324 -15.761219
v -3.691983 82.769080 -18.036166
v -4.323198 81.871643 -20.311114
v -0.000000 79.000000 -21.800000
v -0.279343 76.683328 -20.833452
v -0.395050 75.723732 -18.500000
v -0.279343 76.683328 -16.166548
v -0.000000 79.000000 -15.200000
v 0.279343 81.316672 -16.166548
v 0.395050 82.276268 -18.500000
v 0.279343 81.316672 -20.833452
v 4.816071 78.419281 -21.253428
v 4.323198 76.128357 -20.311114
v 3.691983 75.230920 -18.036166
v 3.292182 76.252676 -15.761219
v 3.357995 78.595095 -14.818904
v 3.850868 80.886020 -15.761219
v 4.482083 81.783457 -18.036166
v 4.881884 80.761700 -20.311114
v 9.390645 77.867682 -19.641121
v 8.694949 75.601214 -18.770292
v 7.574075 74.762820 -16.667924
v 6.684616 75.843619 -14.565556
v 6.547606 78.210494 -13.694727
v 7.243302 80.476962 -14.565556
v 8.364175 81.315357 -16.667924
v 9.253634 80.234558 -18.770292
v 13.494332 77.372862 -17.043926
v 12.616691 75.128333 -16.288249
v 11.056562 74.342904 -14.463882
v 9.727848 75.476668 -12.639516
v 9.408892 77.865482 -11.883839
v 10.286534 80.110011 -12.639516
v 11.846662 80.895441 -14.463882
v 13.175376 79.761677 -16.288249
v 16.921357 76.959634 -13.592078
v 15.891771 74.733426 -12.989445
v 13.964817 73.992228 -11.534561
v 12.269278 75.170224 -10.079678
v 11.798378 77.577359 -9.477045
v 12.827963 79.803567 -10.079678
v 14.754918 80.544765 -11.534561
v 16.450457 79.366769 -12.989445
v 19.499875 76.648718 -9.458666
v 18.355965 74.436295 -9.039296
v 16.153009 73.728378 -8.026849
v 14.181467 74.939653 -7.014402
v 13.596243 77.360574 -6.595033
v 14.740153 79.572997 -7.014402
v 16.943109 80.280915 -8.026849
v 18.914651 79.069639 -9.039296
v 21.100587 76.455705 -4.850956
v 19.885707 74.251840 -4.635879
v 17.511411 73.564582 -4.116637
v 15.368531 74.796518 -3.597395
v 14.712336 77.225996 -3.382318
v 15.927217 79.429861 -3.597395
v 18.301512 80.117119 -4.116637
v 20.444392 78.885183 -4.635879
f 1657 1665 1658
f 1658 1665 1666
f 1658 1666 1659
f 1659 1666 1667
f 1659 1667 1660
f 1660 1667 1668
f 1660 1668 1661
f 1661 1668 1669
f 1661 1669 1662
f 1662 1669 1670
f 1662 1670 1663
f 1663 1670 1671
f 1663 1671 1664
f 1664 1671 1672
f 1664 1672 1657
f 1657 1672 1665
f 1665 1673 1666
f 1666 1673 1674
f 1666 1674 1667
f 1667 1674 1675
f 1667 1675 1668
f 1668 1675 1676
f 1668 1676 1669
f 1669 1676 1677
f 1669 1677 1670
f 1670 1677 1678
f 1670 1678 1671
f 1671 1678 1679
f 1671 1679 1672
f 1672 1679 1680
f 1672 1680 1665
f 1665 1680 1673
f 1673 1681 1674
f 1674 1681 1682
f 1674 1682 1675
f 1675 1682 1683
f 1675 1683 1676
f 1676 1683 1684
f 1676 1684 1677
f 1677 1684 1685
f 1677 1685 1678
f 1678 1685 1686
f 1678 1686 1679
f 1679 1686 1687
f 1679 1687 1680
f 1680 1687 1688
f 1680 1688 1673
f 1673 1688 1681
f 1681 1689 1682
f 1682 1689 1690
f 1682 1690 1683
f 1683 1690 1691
f 1683 1691 1684
f 1684 1691 1692
f 1684 1692 1685
f 1685 1692 1693
f 1685 1693 1686
f 1686 1693 1694
f 1686 1694 1687
f 1687 1694 1695
f 1687 1695 1688
f 1688 1695 1696
f 1688 1696 1681
f 1681 1696 1689
f 1689 1697 1690
f 1690 1697 1698
f 1690 1698 1691
f 1691 1698 1699
f 1691 1699 1692
f 1692 1699 1700
f 1692 1700 1693
f 1693 1700 1701
f 1693 1701 1694
f 1694 1701 1702
f 1694 1702 1695
f 1695 1702 1703
f 1695 1703 1696
f 1696 1703 1704
f 1696 1704 1689
f 1689 1704 1697
f 1697 1705 1698
f 1698 1705 1706
f 1698 1706 1699
f 1699 1706 1707
f 1699 1707 1700
f 1700 1707 1708
f 1700 1708 1701
f 1701 1708 1709
f 1701 1709 1702
f 1702 1709 1710
f 1702 1710 1703
f 1703 1710 1711
f 1703 1711 1704
f 1704 1711 1712
f 1704 1712 1697
f 1697 1712 1705
f 1705 1713 1706
f 1706 1713 1714
f 1706 1714 1707
f 1707 1714 1715
f 1707 1715 1708
f 1708 1715 1716
f 1708 1716 1709
f 1709 1716 1717
f 1709 1717 1710
f 1710 1717 1718
f 1710 1718 1711
f 1711 1718 1719
f 1711 1719 1712
f 1712 1719 1720
f 1712 1720 1705
f 1705 1720 1713
f 1713 1721 1714
f 1714 1721 1722
f 1714 1722 1715
f 1715 1722 1723
f 1715 1723 1716
f 1716 1723 1724
f 1716 1724 1717
f 1717 1724 1725
f 1717 1725 1718
f 1718 1725 1726
f 1718 1726 1719
f 1719 1726 1727
f 1719 1727 1720
f 1720 1727 1728
f 1720 1728 1713
f 1713 1728 1721
f 1721 1729 1722
f 1722 1729 1730
f 1722 1730 1723
f 1723 1730 1731
f 1723 1731 1724
f 1724 1731 1732
f 1724 1732 1725
f 1725 1732 1733
f 1725 1733 1726
f 1726 1733 1734
f 1726 1734 1727
f 1727 1734 1735
f 1727 1735 1728
f 1728 1735 1736
f 1728 1736 1721
f 1721 1736 1729
f 1729 1737 1730
f 1730 1737 1738
f 1730 1738 1731
f 1731 1738 1739
f 1731 1739 1732
f 1732 1739 1740
f 1732 1740 1733
f 1733 1740 1741
f 1733 1741 1734
f 1734 1741 1742
f 1734 1742 1735
f 1735 1742 1743
f 1735 1743 1736
f 1736 1743 1744
f 1736 1744 1729
f 1729 1744 1737
f 1737 1745 1738
f 1738 1745 1746
f 1738 1746 1739
f 1739 1746 1747
f 1739 1747 1740
f 1740 1747 1748
f 1740 1748 1741
f 1741 1748 1749
f 1741 1749 1742
f 1742 1749 1750
f 1742 1750 1743
f 1743 1750 1751
f 1743 1751 1744
f 1744 1751 1752
f 1744 1752 1737
f 1737 1752 1745
f 1745 1753 1746
f 1746 1753 1754
f 1746 1754 1747
f 1747 1754 1755
f 1747 1755 1748
f 1748 1755 1756
f 1748 1756 1749
f 1749 1756 1757
f 1749 1757 1750
f 1750 1757 1758
f 1750 1758 1751
f 1751 1758 1759
f 1751 1759 1752
f 1752 1759 1760
f 1752 1760 1745
f 1745 1760 1753
f 1753 1761 1754
f 1754 1761 1762
f 1754 1762 1755
f 1755 1762 1763
f 1755 1763 1756
f 1756 1763 1764
f 1756 1764 1757
f 1757 1764 1765
f 1757 1765 1758
f 1758 1765 1766
f 1758 1766 1759
f 1759 1766 1767
f 1759 1767 1760
f 1760 1767 1768
f 1760 1768 1753
f 1753 1768 1761
f 1761 1769 1762
f 1762 1769 1770
f 1762 1770 1763
f 1763 1770 1771
f 1763 1771 1764
f 1764 1771 1772
f 1764 1772 1765
f 1765 1772 1773
f 1765 1773 1766
f 1766 1773 1774
f 1766 1774 1767
f 1767 1774 1775
f 1767 1775 1768
f 1768 1775 1776
f 1768 1776 1761
f 1761 1776 1769
f 1769 1777 1770
f 1770 1777 1778
f 1770 1778 1771
f 1771 1778 1779
f 1771 1779 1772
f 1772 1779 1780
f 1772 1780 1773
f 1773 1780 1781
f 1773 1781 1774
f 1774 1781 1782
f 1774 1782 1775
f 1775 1782 1783
f 1775 1783 1776
f 1776 1783 1784
f 1776 1784 1769
f 1769 1784 1777
f 1777 1785 1778
f 1778 1785 1786
f 1778 1786 1779
f 1779 1786 1787
f 1779 1787 1780
f 1780 1787 1788
f 1780 1788 1781
f 1781 1788 1789
f 1781 1789 1782
f 1782 1789 1790
f 1782 1790 1783
f 1783 1790 1791
f 1783 1791 1784
f 1784 1791 1792
f 1784 1792 1777
f 1777 1792 1785
f 1785 1793 1786
f 1786 1793 1794
f 1786 1794 1787
f 1787 1794 1795
f 1787 1795 1788
f 1788 1795 1796
f 1788 1796 1789
f 1789 1796 1797
f 1789 1797 1790
f 1790 1797 1798
f 1790 1798 1791
f 1791 1798 1799
f 1791 1799 1792
f 1792 1799 1800
f 1792 1800 1785
f 1785 1800 1793
f 1793 1801 1794
f 1794 1801 1802
f 1794 1802 1795
f 1795 1802 1803
f 1795 1803 1796
f 1796 1803 1804
f 1796 1804 1797
f 1797 1804 1805
f 1797 1805 1798
f 1798 1805 1806
f 1798 1806 1799
f 1799 1806 1807
f 1799 1807 1800
f 1800 1807 1808
f 1800 1808 1793
f 1793 1808 1801
f 1801 1809 1802
f 1802 1809 1810
f 1802 1810 1803
f 1803 1810 1811
f 1803 1811 1804
f 1804 1811 1812
f 1804 1812 1805
f 1805 1812 1813
f 1805 1813 1806
f 1806 1813 1814
f 1806 1814 1807
f 1807 1814 1815
f 1807 1815 1808
f 1808 1815 1816
f 1808 1816 1801
f 1801 1816 1809
f 1809 1817 1810
f 1810 1817 1818
f 1810 1818 1811
f 1811 1818 1819
f 1811 1819 1812
f 1812 1819 1820
f 1812 1820 1813
f 1813 1820 1821
f 1813 1821 1814
f 1814 1821 1822
f 1814 1822 1815
f 1815 1822 1823
f 1815 1823 1816
f 1816 1823 1824
f 1816 1824 1809
f 1809 1824 1817
f 1817 1825 1818
f 1818 1825 1826
f 1818 1826 1819
f 1819 1826 1827
f 1819 1827 1820
f 1820 1827 1828
f 1820 1828 1821
f 1821 1828 1829
f 1821 1829 1822
f 1822 1829 1830
f 1822 1830 1823
f 1823 1830 1831
f 1823 1831 1824
f 1824 1831 1832
f 1824 1832 1817
f 1817 1832 1825
f 1825 1833 1826
f 1826 1833 1834
f 1826 1834 1827
f 1827 1834 1835
f 1827 1835 1828
f 1828 1835 1836
f 1828 1836 1829
f 1829 1836 1837
f 1829 1837 1830
f 1830 1837 1838
f 1830 1838 1831
f 1831 1838 1839
f 1831 1839 1832
f 1832 1839 1840
f 1832 1840 1825
f 1825 1840 1833
f 1833 1841 1834
f 1834 1841 1842
f 1834 1842 1835
f 1835 1842 1843
f 1835 1843 1836
f 1836 1843 1844
f 1836 1844 1837
f 1837 1844 1845
f 1837 1845 1838
f 1838 1845 1846
f 1838 1846 1839
f 1839 1846 1847
f 1839 1847 1840
f 1840 1847 1848
f 1840 1848 1833
f 1833 1848 1841
f 1841 1849 1842
f 1842 1849 1850
f 1842 1850 1843
f 1843 1850 1851
f 1843 1851 1844
f 1844 1851 1852
f 1844 1852 1845
f 1845 1852 1853
f 1845 1853 1846
f 1846 1853 1854
f 1846 1854 1847
f 1847 1854 1855
f 1847 1855 1848
f 1848 1855 1856
f 1848 1856 1841
f 1841 1856 1849
f 1849 1857 1850
f 1850 1857 1858
f 1850 1858 1851
f 1851 1858 1859
f 1851 1859 1852
f 1852 1859 1860
f 1852 1860 1853
f 1853 1860 1861
f 1853 1861 1854
f 1854 1861 1862
f 1854 1862 1855
f 1855 1862 1863
f 1855 1863 1856
f 1856 1863 1864
f 1856 1864 1849
f 1849 1864 1857
f 1857 1865 1858
f 1858 1865 1866
f 1858 1866 1859
f 1859 1866 1867
f 1859 1867 1860
f 1860 1867 1868
f 1860 1868 1861
f 1861 1868 1869
f 1861 1869 1862
f 1862 1869 1870
f 1862 1870 1863
f 1863 1870 1871
f 1863 1871 1864
f 1864 1871 1872
f 1864 1872 1857
f 1857 1872 1865
f 1865 1873 1866
f 1866 1873 1874
f 1866 1874 1867
f 1867 1874 1875
f 1867 1875 1868
f 1868 1875 1876
f 1868 1876 1869
f 1869 1876 1877
f 1869 1877 1870
f 1870 1877 1878
f 1870 1878 1871
f 1871 1878 1879
f 1871 1879 1872
f 1872 1879 1880
f 1872 1880 1865
f 1865 1880 1873
f 1873 1657 1874
f 1874 1657 1658
f 1874 1658 1875
f 1875 1658 1659
f 1875 1659 1876
f 1876 1659 1660
f 1876 1660 1877
f 1877 1660 1661
f 1877 1661 1878
f 1878 1661 1662
f 1878 1662 1879
f 1879 1662 1663
f 1879 1663 1880
f 1880 1663 1664
f 1880 1664 1873
f 1873 1664 1657
o linen_turban
v 21.231876 84.702183 0.000000
v 20.454897 82.298952 0.000000
v 18.206149 81.149019 0.000000
v 15.802919 81.925998 0.000000
v 14.652985 84.174746 0.000000
v 15.429964 86.577977 -0.000000
v 17.678712 87.727910 -0.000000
v 20.081943 86.950931 -0.000000
v 20.699549 84.659506 4.739696
v 19.946726 82.258212 4.524619
v 17.756295 81.112954 4.005377
v 15.411382 81.894608 3.486135
v 14.285604 84.145293 3.271058
v 15.038427 86.546587 3.486135
v 17.228858 87.691845 4.005377
v 19.573771 86.910190 4.524619
v 19.129260 84.533614 9.241724
v 18.447693 82.138033 8.822354
v 16.429290 81.006566 7.809907
v 14.256405 81.802012 6.797460
v 13.201883 84.058410 6.378091
v 13.883450 86.453991 6.797460
v 15.901853 87.585457 7.809907
v 18.074738 86.790011 8.822354
v 16.599749 84.330820 13.280333
v 16.032966 81.944441 12.677700
v 14.291676 80.835191 11.222816
v 12.395903 81.652854 9.767933
v 11.456165 83.918453 9.165300
v 12.022948 86.304832 9.767933
v 13.764239 87.414082 11.222816
v 15.660012 86.596420 12.677700
v 13.237858 84.061294 16.653011
v 12.823630 81.687145 15.897333
v 11.450641 80.607422 14.072967
v 9.923169 81.454612 12.248600
v 9.135987 83.732442 11.492923
v 9.550215 86.106591 12.248600
v 10.923204 87.186314 14.072967
v 12.450676 86.339124 15.897333
v 9.212166 83.738550 19.190637
v 8.980615 81.379046 18.319808
v 8.048647 80.334681 16.217440
v 6.962197 81.217228 14.115072
v 6.357692 83.509703 13.244242
v 6.589243 85.869206 14.115072
v 7.521210 86.913572 16.217440
v 8.607661 86.031025 18.319808
v 4.724537 83.378771 20.765965
v 4.696625 81.035594 19.823650
v 4.256285 80.030643 17.548702
v 3.661462 80.952604 15.273755
v 3.260596 83.261406 14.331440
v 3.288508 85.604583 15.273755
v 3.728848 86.609534 17.548702
v 4.323671 85.687573 19.823650
v 0.000000 83.000000 21.300000
v 0.186477 80.674011 20.333452
v 0.263718 79.710554 18.000000
v 0.186477 80.674011 15.666548
v 0.000000 83.000000 14.700000
v -0.186477 85.325989 15.666548
v -0.263718 86.289446 18.000000
v -0.186477 85.325989 20.333452
v -4.724537 82.621229 20.765965
v -4.323671 80.312427 19.823650
v -3.728848 79.390466 17.548702
v -3.288508 80.395417 15.273755
v -3.260596 82.738594 14.331440
v -3.661462 85.047396 15.273755
v -4.256285 85.969357 17.548702
v -4.696625 84.964406 19.823650
v -9.212166 82.261450 19.190637
v -8.607661 79.968975 18.319808
v -7.521210 79.086428 16.217440
v -6.589243 80.130794 14.115072
v -6.357692 82.490297 13.244242
v -6.962197 84.782772 14.115072
v -8.048647 85.665319 16.217440
v -8.980615 84.620954 18.319808
v -13.237858 81.938706 16.653011
v -12.450676 79.660876 15.897333
v -10.923204 78.813686 14.072967
v -9.550215 79.893409 12.248600
v -9.135987 82.267558 11.492923
v -9.923169 84.545388 12.248600
v -11.450641 85.392578 14.072967
v -12.823630 84.312855 15.897333
v -16.599749 81.669180 13.280333
v -15.660012 79.403580 12.677700
v -13.764239 78.585918 11.222816
v -12.022948 79.695168 9.767933
v -11.456165 82.081547 9.165300
v -12.395903 84.347146 9.767933
v -14.291676 85.164809 11.222816
v -16.032966 84.055559 12.677700
v -19.129260 81.466386 9.241724
v -18.074738 79.209989 8.822354
v -15.901853 78.414543 7.809907
v -13.883450 79.546009 6.797460
v -13.201883 81.941590 6.378091
v -14.256405 84.197988 6.797460
v -16.429290 84.993434 7.809907
v -18.447693 83.861967 8.822354
v -20.699549 81.340494 4.739696
v -19.573771 79.089810 4.524619
v -17.228858 78.308155 4.005377
v -15.038427 79.453413 3.486135
v -14.285604 81.854707 3.271058
v -15.411382 84.105392 3.486135
v -17.756295 84.887046 4.005377
v -19.946726 83.741788 4.524619
v -21.231876 81.297817 0.000000
v -20.081943 79.049069 0.000000
v -17.678712 78.272090 0.000000
v -15.429964 79.422023 0.000000
v -14.652985 81.825254 0.000000
v -15.802919 84.074002 0.000000
v -18.206149 84.850981 0.000000
v -20.454897 83.701048 0.000000
v -20.699549 81.340494 -4.739696
v -19.573771 79.089810 -4.524619
v -17.228858 78.308155 -4.005377
v -15.038427 79.453413 -3.486135
v -14.285604 81.854707 -3.271058
v -15.411382 84.105392 -3.486135
v -17.756295 84.887046 -4.005377
v -19.946726 83.741788 -4.524619
v -19.129260 81.466386 -9.241724
v -18.074738 79.209989 -8.822354
v -15.901853 78.414543 -7.809907
v -13.883450 79.546009 -6.797460
v -13.201883 81.941590 -6.378091
v -14.256405 84.197988 -6.797460
v -16.429290 84.993434 -7.809907
v -18.447693 83.861967 -8.822354
v -16.599749 81.669180 -13.280333
v -15.660012 79.403580 -12.677700
v -13.764239 78.585918 -11.222816
v -12.022948 79.695168 -9.767933
v -11.456165 82.081547 -9.165300
v -12.395903 84.347146 -9.767933
v -14.291676 85.164809 -11.222816
v -16.032966 84.055559 -12.677700
v -13.237858 81.938706 -16.653011
v -12.450676 79.660876 -15.897333
v -10.923204 78.813686 -14.072967
v -9.550215 79.893409 -12.248600
v -9.135987 82.267558 -11.492923
v -9.923169 84.545388 -12.248600
v -11.450641 85.392578 -14.072967
v -12.823630 84.312855 -15.897333
v -9.212166 82.261450 -19.190637
v -8.607661 79.968975 -18.319808
v -7.521210 79.086428 -16.217440
v -6.589243 80.130794 -14.115072
v -6.357692 82.490297 -13.244242
v -6.962197 84.782772 -14.115072
v -8.048647 85.665319 -16.217440
v -8.980615 84.620954 -18.319808
v -4.724537 82.621229 -20.765965
v -4.323671 80.312427 -19.823650
v -3.728848 79.390466 -17.548702
v -3.288508 80.395417 -15.273755
v -3.260596 82.738594 -14.331440
v -3.661462 85.047396 -15.273755
v -4.256285 85.969357 -17.548702
v -4.696625 84.964406 -19.823650
v -0.000000 83.000000 -21.300000
v 0.186477 80.674011 -20.333452
v 0.263718 79.710554 -18.000000
v 0.186477 80.674011 -15.666548
v -0.000000 83.000000 -14.700000
v -0.186477 85.325989 -15.666548
v -0.263718 86.289446 -18.000000
v -0.186477 85.325989 -20.333452
v 4.724537 83.378771 -20.765965
v 4.696625 81.035594 -19.823650
v 4.256285 80.030643 -17.548702
v 3.661462 80.952604 -15.273755
v 3.260596 83.261406 -14.331440
v 3.288508 85.604583 -15.273755
v 3.728848 86.609534 -17.548702
v 4.323671 85.687573 -19.823650
v 9.212166 83.738550 -19.190637
v 8.980615 81.379046 -18.319808
v 8.048647 80.334681 -16.217440
v 6.962197 81.217228 -14.115072
v 6.357692 83.509703 -13.244242
v 6.589243 85.869206 -14.115072
v 7.521210 86.913572 -16.217440
v 8.607661 86.031025 -18.319808
v 13.237858 84.061294 -16.653011
v 12.823630 81.687145 -15.897333
v 11.450641 80.607422 -14.072967
v 9.923169 81.454612 -12.248600
v 9.135987 83.732442 -11.492923
v 9.550215 86.106591 -12.248600
v 10.923204 87.186314 -14.072967
v 12.450676 86.339124 -15.897333
v 16.599749 84.330820 -13.280333
v 16.032966 81.944441 -12.677700
v 14.291676 80.835191 -11.222816
v 12.395903 81.652854 -9.767933
v 11.456165 83.918453 -9.165300
v 12.022948 86.304832 -9.767933
v 13.764239 87.414082 -11.222816
v 15.660012 86.596420 -12.677700
v 19.129260 84.533614 -9.241724
v 18.447693 82.138033 -8.822354
v 16.429290 81.006566 -7.809907
v 14.256405 81.802012 -6.797460
v 13.201883 84.058410 -6.378091
v 13.883450 86.453991 -6.797460
v 15.901853 87.585457 -7.809907
v 18.074738 86.790011 -8.822354
v 20.699549 84.659506 -4.739696
v 19.946726 82.258212 -4.524619
v 17.756295 81.112954 -4.005377
v 15.411382 81.894608 -3.486135
v 14.285604 84.145293 -3.271058
v 15.038427 86.546587 -3.486135
v 17.228858 87.691845 -4.005377
v 19.573771 86.910190 -4.524619
f 1881 1889 1882
f 1882 1889 1890
f 1882 1890 1883
f 1883 1890 1891
f 1883 1891 1884
f 1884 1891 1892
f 1884 1892 1885
f 1885 1892 1893
f 1885 1893 1886
f 1886 1893 1894
f 1886 1894 1887
f 1887 1894 1895
f 1887 1895 1888
f 1888 1895 1896
f 1888 1896 1881
f 1881 1896 1889
f 1889 1897 1890
f 1890 1897 1898
f 1890 1898 1891
f 1891 1898 1899
f 1891 1899 1892
f 1892 1899 1900
f 1892 1900 1893
f 1893 1900 1901
f 1893 1901 1894
f 1894 1901 1902
f 1894 1902 1895
f 1895 1902 1903
f 1895 1903 1896
f 1896 1903 1904
f 1896 1904 1889
f 1889 1904 1897
f 1897 1905 1898
f 1898 1905 1906
f 1898 1906 1899
f 1899 1906 1907
f 1899 1907 1900
f 1900 1907 1908
f 1900 1908 1901
f 1901 1908 1909
f 1901 1909 1902
f 1902 1909 1910
f 1902 1910 1903
f 1903 1910 1911
f 1903 1911 1904
f 1904 1911 1912
f 1904 1912 1897
f 1897 1912 1905
f 1905 1913 1906
f 1906 1913 1914
f 1906 1914 1907
f 1907 1914 1915
f 1907 1915 1908
f 1908 1915 1916
f 1908 1916 1909
f 1909 1916 1917
f 1909 1917 1910
f 1910 1917 1918
f 1910 1918 1911
f 1911 1918 1919
f 1911 1919 1912
f 1912 1919 1920
f 1912 1920 1905
f 1905 1920 1913
f 1913 1921 1914
f 1914 1921 1922
f 1914 1922 1915
f 1915 1922 1923
f 1915 1923 1916
f 1916 1923 1924
f 1916 1924 1917
f 1917 1924 1925
f 1917 1925 1918
f 1918 1925 1926
f 1918 1926 1919
f 1919 1926 1927
f 1919 1927 1920
f 1920 1927 1928
f 1920 1928 1913
f 1913 1928 1921
f 1921 1929 1922
f 1922 1929 1930
f 1922 1930 1923
f 1923 1930 1931
f 1923 1931 1924
f 1924 1931 1932
f 1924 1932 1925
f 1925 1932 1933
f 1925 1933 1926
f 1926 1933 1934
f 1926 1934 1927
f 1927 1934 1935
f 1927 1935 1928
f 1928 1935 1936
f 1928 1936 1921
f 1921 1936 1929
f 1929 1937 1930
f 1930 1937 1938
f 1930 1938 1931
f 1931 1938 1939
f 1931 1939 1932
f 1932 1939 1940
f 1932 1940 1933
f 1933 1940 1941
f 1933 1941 1934
f 1934 1941 1942
f 1934 1942 1935
f 1935 1942 1943
f 1935 1943 1936
f 1936 1943 1944
f 1936 1944 1929
f 1929 1944 1937
f 1937 1945 1938
f 1938 1945 1946
f 1938 1946 1939
f 1939 1946 1947
f 1939 1947 1940
f 1940 1947 1948
f 1940 1948 1941
f 1941 1948 1949
f 1941 1949 1942
f 1942 1949 1950
f 1942 1950 1943
f 1943 1950 1951
f 1943 1951 1944
f 1944 1951 1952
f 1944 1952 1937
f 1937 1952 1945
f 1945 1953 1946
f 1946 1953 1954
f 1946 1954 1947
f 1947 1954 1955
f 1947 1955 1948
f 1948 1955 1956
f 1948 1956 1949
f 1949 1956 1957
f 1949 1957 1950
f 1950 1957 1958
f 1950 1958 1951
f 1951 1958 1959
f 1951 1959 1952
f 1952 1959 1960
f 1952 1960 1945
f 1945 1960 1953
f 1953 1961 1954
f 1954 1961 1962
f 1954 1962 1955
f 1955 1962 1963
f 1955 1963 1956
f 1956 1963 1964
f 1956 1964 1957
f 1957 1964 1965
f 1957 1965 1958
f 1958 1965 1966
f 1958 1966 1959
f 1959 1966 1967
f 1959 1967 1960
f 1960 1967 1968
f 1960 1968 1953
f 1953 1968 1961
f 1961 1969 1962
f 1962 1969 1970
f 1962 1970 1963
f 1963 1970 1971
f 1963 1971 1964
f 1964 1971 1972
f 1964 1972 1965
f 1965 1972 1973
f 1965 1973 1966
f 1966 1973 1974
f 1966 1974 1967
f 1967 1974 1975
f 1967 1975 1968
f 1968 1975 1976
f 1968 1976 1961
f 1961 1976 1969
f 1969 1977 1970
f 1970 1977 1978
f 1970 1978 1971
f 1971 1978 1979
f 1971 1979 1972
f 1972 1979 1980
f 1972 1980 1973
f 1973 1980 1981
f 1973 1981 1974
f 1974 1981 1982
f 1974 1982 1975
f 1975 1982 1983
f 1975 1983 1976
f 1976 1983 1984
f 1976 1984 1969
f 1969 1984 1977
f 1977 1985 1978
f 1978 1985 1986
f 1978 1986 1979
f 1979 1986 1987
f 1979 1987 1980
f 1980 1987 1988
f 1980 1988 1981
f 1981 1988 1989
f 1981 1989 1982
f 1982 1989 1990
f 1982 1990 1983
f 1983 1990 1991
f 1983 1991 1984
f 1984 1991 1992
f 1984 1992 1977
f 1977 1992 1985
f 1985 1993 1986
f 1986 1993 1994
f 1986 1994 1987
f 1987 1994 1995
f 1987 1995 1988
f 1988 1995 1996
f 1988 1996 1989
f 1989 1996 1997
f 1989 1997 1990
f 1990 1997 1998
f 1990 1998 1991
f 1991 1998 1999
f 1991 1999 1992
f 1992 1999 2000
f 1992 2000 1985
f 1985 2000 1993
f 1993 2001 1994
f 1994 2001 2002
f 1994 2002 1995
f 1995 2002 2003
f 1995 2003 1996
f 1996 2003 2004
f 1996 2004 1997
f 1997 2004 2005
f 1997 2005 1998
f 1998 2005 2006
f 1998 2006 1999
f 1999 2006 2007
f 1999 2007 2000
f 2000 2007 2008
f 2000 2008 1993
f 1993 2008 2001
f 2001 2009 2002
f 2002 2009 2010
f 2002 2010 2003
f 2003 2010 2011
f 2003 2011 2004
f 2004 2011 2012
f 2004 2012 2005
f 2005 2012 2013
f 2005 2013 2006
f 2006 2013 2014
f 2006 2014 2007
f 2007 2014 2015
f 2007 2015 2008
f 2008 2015 2016
f 2008 2016 2001
f 2001 2016 2009
f 2009 2017 2010
f 2010 2017 2018
f 2010 2018 2011
f 2011 2018 2019
f 2011 2019 2012
f 2012 2019 2020
f 2012 2020 2013
f 2013 2020 2021
f 2013 2021 2014
f 2014 2021 2022
f 2014 2022 2015
f 2015 2022 2023
f 2015 2023 2016
f 2016 2023 2024
f 2016 2024 2009
f 2009 2024 2017
f 2017 2025 2018
f 2018 2025 2026
f 2018 2026 2019
f 2019 2026 2027
f 2019 2027 2020
f 2020 2027 2028
f 2020 2028 2021
f 2021 2028 2029
f 2021 2029 2022
f 2022 2029 2030
f 2022 2030 2023
f 2023 2030 2031
f 2023 2031 2024
f 2024 2031 2032
f 2024 2032 2017
f 2017 2032 2025
f 2025 2033 2026
f 2026 2033 2034
f 2026 2034 2027
f 2027 2034 2035
f 2027 2035 2028
f 2028 2035 2036
f 2028 2036 2029
f 2029 2036 2037
f 2029 2037 2030
f 2030 2037 2038
f 2030 2038 2031
f 2031 2038 2039
f 2031 2039 2032
f 2032 2039 2040
f 2032 2040 2025
f 2025 2040 2033
f 2033 2041 2034
f 2034 2041 2042
f 2034 2042 2035
f 2035 2042 2043
f 2035 2043 2036
f 2036 2043 2044
f 2036 2044 2037
f 2037 2044 2045
f 2037 2045 2038
f 2038 2045 2046
f 2038 2046 2039
f 2039 2046 2047
f 2039 2047 2040
f 2040 2047 2048
f 2040 2048 2033
f 2033 2048 2041
f 2041 2049 2042
f 2042 2049 2050
f 2042 2050 2043
f 2043 2050 2051
f 2043 2051 2044
f 2044 2051 2052
f 2044 2052 2045
f 2045 2052 2053
f 2045 2053 2046
f 2046 2053 2054
f 2046 2054 2047
f 2047 2054 2055
f 2047 2055 2048
f 2048 2055 2056
f 2048 2056 2041
f 2041 2056 2049
f 2049 2057 2050
f 2050 2057 2058
f 2050 2058 2051
f 2051 2058 2059
f 2051 2059 2052
f 2052 2059 2060
f 2052 2060 2053
f 2053 2060 2061
f 2053 2061 2054
f 2054 2061 2062
f 2054 2062 2055
f 2055 2062 2063
f 2055 2063 2056
f 2056 2063 2064
f 2056 2064 2049
f 2049 2064 2057
f 2057 2065 2058
f 2058 2065 2066
f 2058 2066 2059
f 2059 2066 2067
f 2059 2067 2060
f 2060 2067 2068
f 2060 2068 2061
f 2061 2068 2069
f 2061 2069 2062
f 2062 2069 2070
f 2062 2070 2063
f 2063 2070 2071
f 2063 2071 2064
f 2064 2071 2072
f 2064 2072 2057
f 2057 2072 2065
f 2065 2073 2066
f 2066 2073 2074
f 2066 2074 2067
f 2067 2074 2075
f 2067 2075 2068
f 2068 2075 2076
f 2068 2076 2069
f 2069 2076 2077
f 2069 2077 2070
f 2070 2077 2078
f 2070 2078 2071
f 2071 2078 2079
f 2071 2079 2072
f 2072 2079 2080
f 2072 2080 2065
f 2065 2080 2073
f 2073 2081 2074
f 2074 2081 2082
f 2074 2082 2075
f 2075 2082 2083
f 2075 2083 2076
f 2076 2083 2084
f 2076 2084 2077
f 2077 2084 2085
f 2077 2085 2078
f 2078 2085 2086
f 2078 2086 2079
f 2079 2086 2087
f 2079 2087 2080
f 2080 2087 2088
f 2080 2088 2073
f 2073 2088 2081
f 2081 2089 2082
f 2082 2089 2090
f 2082 2090 2083
f 2083 2090 2091
f 2083 2091 2084
f 2084 2091 2092
f 2084 2092 2085
f 2085 2092 2093
f 2085 2093 2086
f 2086 2093 2094
f 2086 2094 2087
f 2087 2094 2095
f 2087 2095 2088
f 2088 2095 2096
f 2088 2096 2081
f 2081 2096 2089
f 2089 2097 2090
f 2090 2097 2098
f 2090 2098 2091
f 2091 2098 2099
f 2091 2099 2092
f 2092 2099 2100
f 2092 2100 2093
f 2093 2100 2101
f 2093 2101 2094
f 2094 2101 2102
f 2094 2102 2095
f 2095 2102 2103
f 2095 2103 2096
f 2096 2103 2104
f 2096 2104 2089
f 2089 2104 2097
f 2097 1881 2098
f 2098 1881 1882
f 2098 1882 2099
f 2099 1882 1883
f 2099 1883 2100
f 2100 1883 1884
f 2100 1884 2101
f 2101 1884 1885
f 2101 1885 2102
f 2102 1885 1886
f 2102 1886 2103
f 2103 1886 1887
f 2103 1887 2104
f 2104 1887 1888
f 2104 1888 2097
f 2097 1888 1881
o linen_turban
v 20.474380 85.975427 0.000000
v 19.392417 83.693198 0.000000
v 17.013573 82.844482 0.000000
v 14.731344 83.926446 0.000000
v 13.882629 86.305290 0.000000
v 14.964592 88.587518 -0.000000
v 17.343436 89.436234 -0.000000
v 19.625665 88.354270 -0.000000
v 19.961045 86.001115 4.561679
v 18.903284 83.717675 4.346602
v 16.582872 82.866035 3.827360
v 14.359075 83.945075 3.308118
v 13.534562 86.322707 3.093041
v 14.592323 88.606147 3.308118
v 16.912735 89.457787 3.827360
v 19.136532 88.378747 4.346602
v 18.446779 86.076892 8.894617
v 17.460414 83.789879 8.475247
v 15.312366 82.929614 7.462800
v 13.260933 84.000028 6.450353
v 12.507816 86.374088 6.030984
v 13.494181 88.661100 6.450353
v 15.642229 89.521365 7.462800
v 17.693662 88.450951 8.475247
v 16.007515 86.198957 12.781541
v 15.136158 83.906189 12.178908
v 13.265764 83.032029 10.724025
v 11.491985 84.088549 9.269141
v 10.853876 86.456853 8.666508
v 11.725233 88.749622 9.269141
v 13.595627 89.623781 10.724025
v 15.369406 88.567261 12.178908
v 12.765567 86.361189 16.027545
v 12.047064 84.060772 15.271868
v 10.545691 83.168146 13.447501
v 9.140933 84.206200 11.623135
v 8.655677 86.566855 10.867458
v 9.374181 88.867272 11.623135
v 10.875554 89.759898 13.447501
v 12.280312 88.721844 15.271868
v 8.883501 86.555454 18.469862
v 8.348031 84.245878 17.599032
v 7.288542 83.331140 15.496665
v 6.325668 84.347081 13.394297
v 6.023447 86.698576 12.523467
v 6.558916 89.008153 13.394297
v 7.618405 89.922891 15.496665
v 8.581280 88.906950 17.599032
v 4.555978 86.772011 19.986022
v 4.224546 84.452224 19.043708
v 3.657646 83.512836 16.768760
v 3.187360 84.504127 14.493812
v 3.089175 86.845412 13.551498
v 3.420608 89.165199 14.493812
v 3.987508 90.104588 16.768760
v 4.457794 89.113297 19.043708
v 0.000000 87.000000 20.500000
v -0.116624 84.669464 19.533452
v -0.164931 83.704124 17.200000
v -0.116624 84.669464 14.866548
v 0.000000 87.000000 13.900000
v 0.116624 89.330536 14.866548
v 0.164931 90.295876 17.200000
v 0.116624 89.330536 19.533452
v -4.555978 87.227989 19.986022
v -4.457794 84.886703 19.043708
v -3.987508 83.895412 16.768760
v -3.420608 84.834801 14.493812
v -3.089175 87.154588 13.551498
v -3.187360 89.495873 14.493812
v -3.657646 90.487164 16.768760
v -4.224546 89.547776 19.043708
v -8.883501 87.444546 18.469862
v -8.581280 85.093050 17.599032
v -7.618405 84.077109 15.496665
v -6.558916 84.991847 13.394297
v -6.023447 87.301424 12.523467
v -6.325668 89.652919 13.394297
v -7.288542 90.668860 15.496665
v -8.348031 89.754122 17.599032
v -12.765567 87.638811 16.027545
v -12.280312 85.278156 15.271868
v -10.875554 84.240102 13.447501
v -9.374181 85.132728 11.623135
v -8.655677 87.433145 10.867458
v -9.140933 89.793800 11.623135
v -10.545691 90.831854 13.447501
v -12.047064 89.939228 15.271868
v -16.007515 87.801043 12.781541
v -15.369406 85.432739 12.178908
v -13.595627 84.376219 10.724025
v -11.725233 85.250378 9.269141
v -10.853876 87.543147 8.666508
v -11.491985 89.911451 9.269141
v -13.265764 90.967971 10.724025
v -15.136158 90.093811 12.178908
v -18.446779 87.923108 8.894617
v -17.693662 85.549049 8.475247
v -15.642229 84.478635 7.462800
v -13.494181 85.338900 6.450353
v -12.507816 87.625912 6.030984
v -13.260933 89.999972 6.450353
v -15.312366 91.070386 7.462800
v -17.460414 90.210121 8.475247
v -19.961045 87.998885 4.561679
v -19.136532 85.621253 4.346602
v -16.912735 84.542213 3.827360
v -14.592323 85.393853 3.308118
v -13.534562 87.677293 3.093041
v -14.359075 90.054925 3.308118
v -16.582872 91.133965 3.827360
v -18.903284 90.282325 4.346602
v -20.474380 88.024573 0.000000
v -19.625665 85.645730 0.000000
v -17.343436 84.563766 0.000000
v -14.964592 85.412482 0.000000
v -13.882629 87.694710 0.000000
v -14.731344 90.073554 0.000000
v -17.013573 91.155518 0.000000
v -19.392417 90.306802 0.000000
v -19.961045 87.998885 -4.561679
v -19.136532 85.621253 -4.346602
v -16.912735 84.542213 -3.827360
v -14.592323 85.393853 -3.308118
v -13.534562 87.677293 -3.093041
v -14.359075 90.054925 -3.308118
v -16.582872 91.133965 -3.827360
v -18.903284 90.282325 -4.346602
v -18.446779 87.923108 -8.894617
v -17.693662 85.549049 -8.475247
v -15.642229 84.478635 -7.462800
v -13.494181 85.338900 -6.450353
v -12.507816 87.625912 -6.030984
v -13.260933 89.999972 -6.450353
v -15.312366 91.070386 -7.462800
v -17.460414 90.210121 -8.475247
v -16.007515 87.801043 -12.781541
v -15.369406 85.432739 -12.178908
v -13.595627 84.376219 -10.724025
v -11.725233 85.250378 -9.269141
v -10.853876 87.543147 -8.666508
v -11.491985 89.911451 -9.269141
v -13.265764 90.967971 -10.724025
v -15.136158 90.093811 -12.178908
v -12.765567 87.638811 -16.027545
v -12.280312 85.278156 -15.271868
v -10.875554 84.240102 -13.447501
v -9.374181 85.132728 -11.623135
v -8.655677 87.433145 -10.867458
v -9.140933 89.793800 -11.623135
v -10.545691 90.831854 -13.447501
v -12.047064 89.939228 -15.271868
v -8.883501 87.444546 -18.469862
v -8.581280 85.093050 -17.599032
v -7.618405 84.077109 -15.496665
v -6.558916 84.991847 -13.394297
v -6.023447 87.301424 -12.523467
v -6.325668 89.652919 -13.394297
v -7.288542 90.668860 -15.496665
v -8.348031 89.754122 -17.599032
v -4.555978 87.227989 -19.986022
v -4.457794 84.886703 -19.043708
v -3.987508 83.895412 -16.768760
v -3.420608 84.834801 -14.493812
v -3.089175 87.154588 -13.551498
v -3.187360 89.495873 -14.493812
v -3.657646 90.487164 -16.768760
v -4.224546 89.547776 -19.043708
v -0.000000 87.000000 -20.500000
v -0.116624 84.669464 -19.533452
v -0.164931 83.704124 -17.200000
v -0.116624 84.669464 -14.866548
v -0.000000 87.000000 -13.900000
v 0.116624 89.330536 -14.866548
v 0.164931 90.295876 -17.200000
v 0.116624 89.330536 -19.533452
v 4.555978 86.772011 -19.986022
v 4.224546 84.452224 -19.043708
v 3.657646 83.512836 -16.768760
v 3.187360 84.504127 -14.493812
v 3.089175 86.845412 -13.551498
v 3.420608 89.165199 -14.493812
v 3.987508 90.104588 -16.768760
v 4.457794 89.113297 -19.043708
v 8.883501 86.555454 -18.469862
v 8.348031 84.245878 -17.599032
v 7.288542 83.331140 -15.496665
v 6.325668 84.347081 -13.394297
v 6.023447 86.698576 -12.523467
v 6.558916 89.008153 -13.394297
v 7.618405 89.922891 -15.496665
v 8.581280 88.906950 -17.599032
v 12.765567 86.361189 -16.027545
v 12.047064 84.060772 -15.271868
v 10.545691 83.168146 -13.447501
v 9.140933 84.206200 -11.623135
v 8.655677 86.566855 -10.867458
v 9.374181 88.867272 -11.623135
v 10.875554 89.759898 -13.447501
v 12.280312 88.721844 -15.271868
v 16.007515 86.198957 -12.781541
v 15.136158 83.906189 -12.178908
v 13.265764 83.032029 -10.724025
v 11.491985 84.088549 -9.269141
v 10.853876 86.456853 -8.666508
v 11.725233 88.749622 -9.269141
v 13.595627 89.623781 -10.724025
v 15.369406 88.567261 -12.178908
v 18.446779 86.076892 -8.894617
v 17.460414 83.789879 -8.475247
v 15.312366 82.929614 -7.462800
v 13.260933 84.000028 -6.450353
v 12.507816 86.374088 -6.030984
v 13.494181 88.661100 -6.450353
v 15.642229 89.521365 -7.462800
v 17.693662 88.450951 -8.475247
v 19.961045 86.001115 -4.561679
v 18.903284 83.717675 -4.346602
v 16.582872 82.866035 -3.827360
v 14.359075 83.945075 -3.308118
v 13.534562 86.322707 -3.093041
v 14.592323 88.606147 -3.308118
v 16.912735 89.457787 -3.827360
v 19.136532 88.378747 -4.346602
f 2105 2113 2106
f 2106 2113 2114
f 2106 2114 2107
f 2107 2114 2115
f 2107 2115 2108
f 2108 2115 2116
f 2108 2116 2109
f 2109 2116 2117
f 2109 2117 2110
f 2110 2117 2118
f 2110 2118 2111
f 2111 2118 2119
f 2111 2119 2112
f 2112 2119 2120
f 2112 2120 2105
f 2105 2120 2113
f 2113 2121 2114
f 2114 2121 2122
f 2114 2122 2115
f 2115 2122 2123
f 2115 2123 2116
f 2116 2123 2124
f 2116 2124 2117
f 2117 2124 2125
f 2117 2125 2118
f 2118 2125 2126
f 2118 2126 2119
f 2119 2126 2127
f 2119 2127 2120
f 2120 2127 2128
f 2120 2128 2113
f 2113 2128 2121
f 2121 2129 2122
f 2122 2129 2130
f 2122 2130 2123
f 2123 2130 2131
f 2123 2131 2124
f 2124 2131 2132
f 2124 2132 2125
f 2125 2132 2133
f 2125 2133 2126
f 2126 2133 2134
f 2126 2134 2127
f 2127 2134 2135
f 2127 2135 2128
f 2128 2135 2136
f 2128 2136 2121
f 2121 2136 2129
f 2129 2137 2130
f 2130 2137 2138
f 2130 2138 2131
f 2131 2138 2139
f 2131 2139 2132
f 2132 2139 2140
f 2132 2140 2133
f 2133 2140 2141
f 2133 2141 2134
f 2134 2141 2142
f 2134 2142 2135
f 2135 2142 2143
f 2135 2143 2136
f 2136 2143 2144
f 2136 2144 2129
f 2129 2144 2137
f 2137 2145 2138
f 2138 2145 2146
f 2138 2146 2139
f 2139 2146 2147
f 2139 2147 2140
f 2140 2147 2148
f 2140 2148 2141
f 2141 2148 2149
f 2141 2149 2142
f 2142 2149 2150
f 2142 2150 2143
f 2143 2150 2151
f 2143 2151 2144
f 2144 2151 2152
f 2144 2152 2137
f 2137 2152 2145
f 2145 2153 2146
f 2146 2153 2154
f 2146 2154 2147
f 2147 2154 2155
f 2147 2155 2148
f 2148 2155 2156
f 2148 2156 2149
f 2149 2156 2157
f 2149 2157 2150
f 2150 2157 2158
f 2150 2158 2151
f 2151 2158 2159
f 2151 2159 2152
f 2152 2159 2160
f 2152 2160 2145
f 2145 2160 2153
f 2153 2161 2154
f 2154 2161 2162
f 2154 2162 2155
f 2155 2162 2163
f 2155 2163 2156
f 2156 2163 2164
f 2156 2164 2157
f 2157 2164 2165
f 2157 2165 2158
f 2158 2165 2166
f 2158 2166 2159
f 2159 2166 2167
f 2159 2167 2160
f 2160 2167 2168
f 2160 2168 2153
f 2153 2168 2161
f 2161 2169 2162
f 2162 2169 2170
f 2162 2170 2163
f 2163 2170 2171
f 2163 2171 2164
f 2164 2171 2172
f 2164 2172 2165
f 2165 2172 2173
f 2165 2173 2166
f 2166 2173 2174
f 2166 2174 2167
f 2167 2174 2175
f 2167 2175 2168
f 2168 2175 2176
f 2168 2176 2161
f 2161 2176 2169
f 2169 2177 2170
f 2170 2177 2178
f 2170 2178 2171
f 2171 2178 2179
f 2171 2179 2172
f 2172 2179 2180
f 2172 2180 2173
f 2173 2180 2181
f 2173 2181 2174
f 2174 2181 2182
f 2174 2182 2175
f 2175 2182 2183
f 2175 2183 2176
f 2176 2183 2184
f 2176 2184 2169
f 2169 2184 2177
f 2177 2185 2178
f 2178 2185 2186
f 2178 2186 2179
f 2179 2186 2187
f 2179 2187 2180
f 2180 2187 2188
f 2180 2188 2181
f 2181 2188 2189
f 2181 2189 2182
f 2182 2189 2190
f 2182 2190 2183
f 2183 2190 2191
f 2183 2191 2184
f 2184 2191 2192
f 2184 2192 2177
f 2177 2192 2185
f 2185 2193 2186
f 2186 2193 2194
f 2186 2194 2187
f 2187 2194 2195
f 2187 2195 2188
f 2188 2195 2196
f 2188 2196 2189
f 2189 2196 2197
f 2189 2197 2190
f 2190 2197 2198
f 2190 2198 2191
f 2191 2198 2199
f 2191 2199 2192
f 2192 2199 2200
f 2192 2200 2185
f 2185 2200 2193
f 2193 2201 2194
f 2194 2201 2202
f 2194 2202 2195
f 2195 2202 2203
f 2195 2203 2196
f 2196 2203 2204
f 2196 2204 2197
f 2197 2204 2205
f 2197 2205 2198
f 2198 2205 2206
f 2198 2206 2199
f 2199 2206 2207
f 2199 2207 2200
f 2200 2207 2208
f 2200 2208 2193
f 2193 2208 2201
f 2201 2209 2202
f 2202 2209 2210
f 2202 2210 2203
f 2203 2210 2211
f 2203 2211 2204
f 2204 2211 2212
f 2204 2212 2205
f 2205 2212 2213
f 2205 2213 2206
f 2206 2213 2214
f 2206 2214 2207
f 2207 2214 2215
f 2207 2215 2208
f 2208 2215 2216
f 2208 2216 2201
f 2201 2216 2209
f 2209 2217 2210
f 2210 2217 2218
f 2210 2218 2211
f 2211 2218 2219
f 2211 2219 2212
f 2212 2219 2220
f 2212 2220 2213
f 2213 2220 2221
f 2213 2221 2214
f 2214 2221 2222
f 2214 2222 2215
f 2215 2222 2223
f 2215 2223 2216
f 2216 2223 2224
f 2216 2224 2209
f 2209 2224 2217
f 2217 2225 2218
f 2218 2225 2226
f 2218 2226 2219
f 2219 2226 2227
f 2219 2227 2220
f 2220 2227 2228
f 2220 2228 2221
f 2221 2228 2229
f 2221 2229 2222
f 2222 2229 2230
f 2222 2230 2223
f 2223 2230 2231
f 2223 2231 2224
f 2224 2231 2232
f 2224 2232 2217
f 2217 2232 2225
f 2225 2233 2226
f 2226 2233 2234
f 2226 2234 2227
f 2227 2234 2235
f 2227 2235 2228
f 2228 2235 2236
f 2228 2236 2229
f 2229 2236 2237
f 2229 2237 2230
f 2230 2237 2238
f 2230 2238 2231
f 2231 2238 2239
f 2231 2239 2232
f 2232 2239 2240
f 2232 2240 2225
f 2225 2240 2233
f 2233 2241 2234
f 2234 2241 2242
f 2234 2242 2235
f 2235 2242 2243
f 2235 2243 2236
f 2236 2243 2244
f 2236 2244 2237
f 2237 2244 2245
f 2237 2245 2238
f 2238 2245 2246
f 2238 2246 2239
f 2239 2246 2247
f 2239 2247 2240
f 2240 2247 2248
f 2240 2248 2233
f 2233 2248 2241
f 2241 2249 2242
f 2242 2249 2250
f 2242 2250 2243
f 2243 2250 2251
f 2243 2251 2244
f 2244 2251 2252
f 2244 2252 2245
f 2245 2252 2253
f 2245 2253 2246
f 2246 2253 2254
f 2246 2254 2247
f 2247 2254 2255
f 2247 2255 2248
f 2248 2255 2256
f 2248 2256 2241
f 2241 2256 2249
f 2249 2257 2250
f 2250 2257 2258
f 2250 2258 2251
f 2251 2258 2259
f 2251 2259 2252
f 2252 2259 2260
f 2252 2260 2253
f 2253 2260 2261
f 2253 2261 2254
f 2254 2261 2262
f 2254 2262 2255
f 2255 2262 2263
f 2255 2263 2256
f 2256 2263 2264
f 2256 2264 2249
f 2249 2264 2257
f 2257 2265 2258
f 2258 2265 2266
f 2258 2266 2259
f 2259 2266 2267
f 2259 2267 2260
f 2260 2267 2268
f 2260 2268 2261
f 2261 2268 2269
f 2261 2269 2262
f 2262 2269 2270
f 2262 2270 2263
f 2263 2270 2271
f 2263 2271 2264
f 2264 2271 2272
f 2264 2272 2257
f 2257 2272 2265
f 2265 2273 2266
f 2266 2273 2274
f 2266 2274 2267
f 2267 2274 2275
f 2267 2275 2268
f 2268 2275 2276
f 2268 2276 2269
f 2269 2276 2277
f 2269 2277 2270
f 2270 2277 2278
f 2270 2278 2271
f 2271 2278 2279
f 2271 2279 2272
f 2272 2279 2280
f 2272 2280 2265
f 2265 2280 2273
f 2273 2281 2274
f 2274 2281 2282
f 2274 2282 2275
f 2275 2282 2283
f 2275 2283 2276
f 2276 2283 2284
f 2276 2284 2277
f 2277 2284 2285
f 2277 2285 2278
f 2278 2285 2286
f 2278 2286 2279
f 2279 2286 2287
f 2279 2287 2280
f 2280 2287 2288
f 2280 2288 2273
f 2273 2288 2281
f 2281 2289 2282
f 2282 2289 2290
f 2282 2290 2283
f 2283 2290 2291
f 2283 2291 2284
f 2284 2291 2292
f 2284 2292 2285
f 2285 2292 2293
f 2285 2293 2286
f 2286 2293 2294
f 2286 2294 2287
f 2287 2294 2295
f 2287 2295 2288
f 2288 2295 2296
f 2288 2296 2281
f 2281 2296 2289
f 2289 2297 2290
f 2290 2297 2298
f 2290 2298 2291
f 2291 2298 2299
f 2291 2299 2292
f 2292 2299 2300
f 2292 2300 2293
f 2293 2300 2301
f 2293 2301 2294
f 2294 2301 2302
f 2294 2302 2295
f 2295 2302 2303
f 2295 2303 2296
f 2296 2303 2304
f 2296 2304 2289
f 2289 2304 2297
f 2297 2305 2298
f 2298 2305 2306
f 2298 2306 2299
f 2299 2306 2307
f 2299 2307 2300
f 2300 2307 2308
f 2300 2308 2301
f 2301 2308 2309
f 2301 2309 2302
f 2302 2309 2310
f 2302 2310 2303
f 2303 2310 2311
f 2303 2311 2304
f 2304 2311 2312
f 2304 2312 2297
f 2297 2312 2305
f 2305 2313 2306
f 2306 2313 2314
f 2306 2314 2307
f 2307 2314 2315
f 2307 2315 2308
f 2308 2315 2316
f 2308 2316 2309
f 2309 2316 2317
f 2309 2317 2310
f 2310 2317 2318
f 2310 2318 2311
f 2311 2318 2319
f 2311 2319 2312
f 2312 2319 2320
f 2312 2320 2305
f 2305 2320 2313
f 2313 2321 2314
f 2314 2321 2322
f 2314 2322 2315
f 2315 2322 2323
f 2315 2323 2316
f 2316 2323 2324
f 2316 2324 2317
f 2317 2324 2325
f 2317 2325 2318
f 2318 2325 2326
f 2318 2326 2319
f 2319 2326 2327
f 2319 2327 2320
f 2320 2327 2328
f 2320 2328 2313
f 2313 2328 2321
f 2321 2105 2322
f 2322 2105 2106
f 2322 2106 2323
f 2323 2106 2107
f 2323 2107 2324
f 2324 2107 2108
f 2324 2108 2325
f 2325 2108 2109
f 2325 2109 2326
f 2326 2109 2110
f 2326 2110 2327
f 2327 2110 2111
f 2327 2111 2328
f 2328 2111 2112
f 2328 2112 2321
f 2321 2112 2105
o linen_turban
v 19.004580 91.906818 0.000000
v 18.275817 89.488530 0.000000
v 16.050516 88.293854 0.000000
v 13.632227 89.022617 0.000000
v 12.437552 91.247918 0.000000
v 13.166314 93.666206 -0.000000
v 15.391616 94.860882 -0.000000
v 17.809904 94.132119 -0.000000
v 18.528095 91.859010 4.250150
v 17.823445 89.443141 4.035073
v 15.656356 88.254306 3.515831
v 13.296280 88.988909 2.996589
v 12.125717 91.216630 2.781512
v 12.830367 93.632499 2.996589
v 14.997456 94.821334 3.515831
v 17.357532 94.086731 4.035073
v 17.122535 91.717984 8.287179
v 16.489012 89.309251 7.867810
v 14.493641 88.137646 6.855363
v 12.305283 88.889478 5.842916
v 11.205847 91.124335 5.423547
v 11.839369 93.533068 5.842916
v 13.834741 94.704673 6.855363
v 16.023099 93.952841 7.867810
v 14.858379 91.490811 11.908655
v 14.339433 89.093574 11.306023
v 12.620674 87.949722 9.851139
v 10.708928 88.729308 8.396255
v 9.724070 90.975661 7.793623
v 10.243015 93.372898 8.396255
v 11.961774 94.516750 9.851139
v 13.873520 93.737164 11.306023
v 11.849162 91.188882 14.932981
v 11.482496 88.806924 14.177304
v 10.131374 87.699959 12.352937
v 8.587265 88.516432 10.528571
v 7.754687 90.778064 9.772894
v 8.121352 93.160022 10.528571
v 9.472474 94.266987 12.352937
v 11.016583 93.450514 14.177304
v 8.245778 90.827337 17.208505
v 8.061460 88.463676 16.337676
v 7.150565 87.400881 14.235308
v 6.046682 88.261523 12.132940
v 5.396452 90.541451 11.262111
v 5.580769 92.905113 12.132940
v 6.491665 93.967908 14.235308
v 7.595547 93.107265 16.337676
v 4.228917 90.424307 18.621123
v 4.247871 88.081040 17.678809
v 3.827717 87.067484 15.403861
v 3.214575 87.977365 13.128913
v 2.767616 90.277688 12.186599
v 2.748662 92.620955 13.128913
v 3.168816 93.634511 15.403861
v 3.781958 92.724630 17.678809
v 0.000000 90.000000 19.100000
v 0.232957 87.678205 18.133452
v 0.329450 86.716486 15.800000
v 0.232957 87.678205 13.466548
v 0.000000 90.000000 12.500000
v -0.232957 92.321795 13.466548
v -0.329450 93.283514 15.800000
v -0.232957 92.321795 18.133452
v -4.228917 89.575693 18.621123
v -3.781958 87.275370 17.678809
v -3.168816 86.365489 15.403861
v -2.748662 87.379045 13.128913
v -2.767616 89.722312 12.186599
v -3.214575 92.022635 13.128913
v -3.827717 92.932516 15.403861
v -4.247871 91.918960 17.678809
v -8.245778 89.172663 17.208505
v -7.595547 86.892735 16.337676
v -6.491665 86.032092 14.235308
v -5.580769 87.094887 12.132940
v -5.396452 89.458549 11.262111
v -6.046682 91.738477 12.132940
v -7.150565 92.599119 14.235308
v -8.061460 91.536324 16.337676
v -11.849162 88.811118 14.932981
v -11.016583 86.549486 14.177304
v -9.472474 85.733013 12.352937
v -8.121352 86.839978 10.528571
v -7.754687 89.221936 9.772894
v -8.587265 91.483568 10.528571
v -10.131374 92.300041 12.352937
v -11.482496 91.193076 14.177304
v -14.858379 88.509189 11.908655
v -13.873520 86.262836 11.306023
v -11.961774 85.483250 9.851139
v -10.243015 86.627102 8.396255
v -9.724070 89.024339 7.793623
v -10.708928 91.270692 8.396255
v -12.620674 92.050278 9.851139
v -14.339433 90.906426 11.306023
v -17.122535 88.282016 8.287179
v -16.023099 86.047159 7.867810
v -13.834741 85.295327 6.855363
v -11.839369 86.466932 5.842916
v -11.205847 88.875665 5.423547
v -12.305283 91.110522 5.842916
v -14.493641 91.862354 6.855363
v -16.489012 90.690749 7.867810
v -18.528095 88.140990 4.250150
v -17.357532 85.913269 4.035073
v -14.997456 85.178666 3.515831
v -12.830367 86.367501 2.996589
v -12.125717 88.783370 2.781512
v -13.296280 91.011091 2.996589
v -15.656356 91.745694 3.515831
v -17.823445 90.556859 4.035073
v -19.004580 88.093182 0.000000
v -17.809904 85.867881 0.000000
v -15.391616 85.139118 0.000000
v -13.166314 86.333794 0.000000
v -12.437552 88.752082 0.000000
v -13.632227 90.977383 0.000000
v -16.050516 91.706146 0.000000
v -18.275817 90.511470 0.000000
v -18.528095 88.140990 -4.250150
v -17.357532 85.913269 -4.035073
v -14.997456 85.178666 -3.515831
v -12.830367 86.367501 -2.996589
v -12.125717 88.783370 -2.781512
v -13.296280 91.011091 -2.996589
v -15.656356 91.745694 -3.515831
v -17.823445 90.556859 -4.035073
v -17.122535 88.282016 -8.287179
v -16.023099 86.047159 -7.867810
v -13.834741 85.295327 -6.855363
v -11.839369 86.466932 -5.842916
v -11.205847 88.875665 -5.423547
v -12.305283 91.110522 -5.842916
v -14.493641 91.862354 -6.855363
v -16.489012 90.690749 -7.867810
v -14.858379 88.509189 -11.908655
v -13.873520 86.262836 -11.306023
v -11.961774 85.483250 -9.851139
v -10.243015 86.627102 -8.396255
v -9.724070 89.024339 -7.793623
v -10.708928 91.270692 -8.396255
v -12.620674 92.050278 -9.851139
v -14.339433 90.906426 -11.306023
v -11.849162 88.811118 -14.932981
v -11.016583 86.549486 -14.177304
v -9.472474 85.733013 -12.352937
v -8.121352 86.839978 -10.528571
v -7.754687 89.221936 -9.772894
v -8.587265 91.483568 -10.528571
v -10.131374 92.300041 -12.352937
v -11.482496 91.193076 -14.177304
v -8.245778 89.172663 -17.208505
v -7.595547 86.892735 -16.337676
v -6.491665 86.032092 -14.235308
v -5.580769 87.094887 -12.132940
v -5.396452 89.458549 -11.262111
v -6.046682 91.738477 -12.132940
v -7.150565 92.599119 -14.235308
v -8.061460 91.536324 -16.337676
v -4.228917 89.575693 -18.621123
v -3.781958 87.275370 -17.678809
v -3.168816 86.365489 -15.403861
v -2.748662 87.379045 -13.128913
v -2.767616 89.722312 -12.186599
v -3.214575 92.022635 -13.128913
v -3.827717 92.932516 -15.403861
v -4.247871 91.918960 -17.678809
v -0.000000 90.000000 -19.100000
v 0.232957 87.678205 -18.133452
v 0.329450 86.716486 -15.800000
v 0.232957 87.678205 -13.466548
v -0.000000 90.000000 -12.500000
v -0.232957 92.321795 -13.466548
v -0.329450 93.283514 -15.800000
v -0.232957 92.321795 -18.133452
v 4.228917 90.424307 -18.621123
v 4.247871 88.081040 -17.678809
v 3.827717 87.067484 -15.403861
v 3.214575 87.977365 -13.128913
v 2.767616 90.277688 -12.186599
v 2.748662 92.620955 -13.128913
v 3.168816 93.634511 -15.403861
v 3.781958 92.724630 -17.678809
v 8.245778 90.827337 -17.208505
v 8.061460 88.463676 -16.337676
v 7.150565 87.400881 -14.235308
v 6.046682 88.261523 -12.132940
v 5.396452 90.541451 -11.262111
v 5.580769 92.905113 -12.132940
v 6.491665 93.967908 -14.235308
v 7.595547 93.107265 -16.337676
v 11.849162 91.188882 -14.932981
v 11.482496 88.806924 -14.177304
v 10.131374 87.699959 -12.352937
v 8.587265 88.516432 -10.528571
v 7.754687 90.778064 -9.772894
v 8.121352 93.160022 -10.528571
v 9.472474 94.266987 -12.352937
v 11.016583 93.450514 -14.177304
v 14.858379 91.490811 -11.908655
v 14.339433 89.093574 -11.306023
v 12.620674 87.949722 -9.851139
v 10.708928 88.729308 -8.396255
v 9.724070 90.975661 -7.793623
v 10.243015 93.372898 -8.396255
v 11.961774 94.516750 -9.851139
v 13.873520 93.737164 -11.306023
v 17.122535 91.717984 -8.287179
v 16.489012 89.309251 -7.867810
v 14.493641 88.137646 -6.855363
v 12.305283 88.889478 -5.842916
v 11.205847 91.124335 -5.423547
v 11.839369 93.533068 -5.842916
v 13.834741 94.704673 -6.855363
v 16.023099 93.952841 -7.867810
v 18.528095 91.859010 -4.250150
v 17.823445 89.443141 -4.035073
v 15.656356 88.254306 -3.515831
v 13.296280 88.988909 -2.996589
v 12.125717 91.216630 -2.781512
v 12.830367 93.632499 -2.996589
v 14.997456 94.821334 -3.515831
v 17.357532 94.086731 -4.035073
f 2329 2337 2330
f 2330 2337 2338
f 2330 2338 2331
f 2331 2338 2339
f 2331 2339 2332
f 2332 2339 2340
f 2332 2340 2333
f 2333 2340 2341
f 2333 2341 2334
f 2334 2341 2342
f 2334 2342 2335
f 2335 2342 2343
f 2335 2343 2336
f 2336 2343 2344
f 2336 2344 2329
f 2329 2344 2337
f 2337 2345 2338
f 2338 2345 2346
f 2338 2346 2339
f 2339 2346 2347
f 2339 2347 2340
f 2340 2347 2348
f 2340 2348 2341
f 2341 2348 2349
f 2341 2349 2342
f 2342 2349 2350
f 2342 2350 2343
f 2343 2350 2351
f 2343 2351 2344
f 2344 2351 2352
f 2344 2352 2337
f 2337 2352 2345
f 2345 2353 2346
f 2346 2353 2354
f 2346 2354 2347
f 2347 2354 2355
f 2347 2355 2348
f 2348 2355 2356
f 2348 2356 2349
f 2349 2356 2357
f 2349 2357 2350
f 2350 2357 2358
f 2350 2358 2351
f 2351 2358 2359
f 2351 2359 2352
f 2352 2359 2360
f 2352 2360 2345
f 2345 2360 2353
f 2353 2361 2354
f 2354 2361 2362
f 2354 2362 2355
f 2355 2362 2363
f 2355 2363 2356
f 2356 2363 2364
f 2356 2364 2357
f 2357 2364 2365
f 2357 2365 2358
f 2358 2365 2366
f 2358 2366 2359
f 2359 2366 2367
f 2359 2367 2360
f 2360 2367 2368
f 2360 2368 2353
f 2353 2368 2361
f 2361 2369 2362
f 2362 2369 2370
f 2362 2370 2363
f 2363 2370 2371
f 2363 2371 2364
f 2364 2371 2372
f 2364 2372 2365
f 2365 2372 2373
f 2365 2373 2366
f 2366 2373 2374
f 2366 2374 2367
f 2367 2374 2375
f 2367 2375 2368
f 2368 2375 2376
f 2368 2376 2361
f 2361 2376 2369
f 2369 2377 2370
f 2370 2377 2378
f 2370 2378 2371
f 2371 2378 2379
f 2371 2379 2372
f 2372 2379 2380
f 2372 2380 2373
f 2373 2380 2381
f 2373 2381 2374
f 2374 2381 2382
f 2374 2382 2375
f 2375 2382 2383
f 2375 2383 2376
f 2376 2383 2384
f 2376 2384 2369
f 2369 2384 2377
f 2377 2385 2378
f 2378 2385 2386
f 2378 2386 2379
f 2379 2386 2387
f 2379 2387 2380
f 2380 2387 2388
f 2380 2388 2381
f 2381 2388 2389
f 2381 2389 2382
f 2382 2389 2390
f 2382 2390 2383
f 2383 2390 2391
f 2383 2391 2384
f 2384 2391 2392
f 2384 2392 2377
f 2377 2392 2385
f 2385 2393 2386
f 2386 2393 2394
f 2386 2394 2387
f 2387 2394 2395
f 2387 2395 2388
f 2388 2395 2396
f 2388 2396 2389
f 2389 2396 2397
f 2389 2397 2390
f 2390 2397 2398
f 2390 2398 2391
f 2391 2398 2399
f 2391 2399 2392
f 2392 2399 2400
f 2392 2400 2385
f 2385 2400 2393
f 2393 2401 2394
f 2394 2401 2402
f 2394 2402 2395
f 2395 2402 2403
f 2395 2403 2396
f 2396 2403 2404
f 2396 2404 2397
f 2397 2404 2405
f 2397 2405 2398
f 2398 2405 2406
f 2398 2406 2399
f 2399 2406 2407
f 2399 2407 2400
f 2400 2407 2408
f 2400 2408 2393
f 2393 2408 2401
f 2401 2409 2402
f 2402 2409 2410
f 2402 2410 2403
f 2403 2410 2411
f 2403 2411 2404
f 2404 2411 2412
f 2404 2412 2405
f 2405 2412 2413
f 2405 2413 2406
f 2406 2413 2414
f 2406 2414 2407
f 2407 2414 2415
f 2407 2415 2408
f 2408 2415 2416
f 2408 2416 2401
f 2401 2416 2409
f 2409 2417 2410
f 2410 2417 2418
f 2410 2418 2411
f 2411 2418 2419
f 2411 2419 2412
f 2412 2419 2420
f 2412 2420 2413
f 2413 2420 2421
f 2413 2421 2414
f 2414 2421 2422
f 2414 2422 2415
f 2415 2422 2423
f 2415 2423 2416
f 2416 2423 2424
f 2416 2424 2409
f 2409 2424 2417
f 2417 2425 2418
f 2418 2425 2426
f 2418 2426 2419
f 2419 2426 2427
f 2419 2427 2420
f 2420 2427 2428
f 2420 2428 2421
f 2421 2428 2429
f 2421 2429 2422
f 2422 2429 2430
f 2422 2430 2423
f 2423 2430 2431
f 2423 2431 2424
f 2424 2431 2432
f 2424 2432 2417
f 2417 2432 2425
f 2425 2433 2426
f 2426 2433 2434
f 2426 2434 2427
f 2427 2434 2435
f 2427 2435 2428
f 2428 2435 2436
f 2428 2436 2429
f 2429 2436 2437
f 2429 2437 2430
f 2430 2437 2438
f 2430 2438 2431
f 2431 2438 2439
f 2431 2439 2432
f 2432 2439 2440
f 2432 2440 2425
f 2425 2440 2433
f 2433 2441 2434
f 2434 2441 2442
f 2434 2442 2435
f 2435 2442 2443
f 2435 2443 2436
f 2436 2443 2444
f 2436 2444 2437
f 2437 2444 2445
f 2437 2445 2438
f 2438 2445 2446
f 2438 2446 2439
f 2439 2446 2447
f 2439 2447 2440
f 2440 2447 2448
f 2440 2448 2433
f 2433 2448 2441
f 2441 2449 2442
f 2442 2449 2450
f 2442 2450 2443
f 2443 2450 2451
f 2443 2451 2444
f 2444 2451 2452
f 2444 2452 2445
f 2445 2452 2453
f 2445 2453 2446
f 2446 2453 2454
f 2446 2454 2447
f 2447 2454 2455
f 2447 2455 2448
f 2448 2455 2456
f 2448 2456 2441
f 2441 2456 2449
f 2449 2457 2450
f 2450 2457 2458
f 2450 2458 2451
f 2451 2458 2459
f 2451 2459 2452
f 2452 2459 2460
f 2452 2460 2453
f 2453 2460 2461
f 2453 2461 2454
f 2454 2461 2462
f 2454 2462 2455
f 2455 2462 2463
f 2455 2463 2456
f 2456 2463 2464
f 2456 2464 2449
f 2449 2464 2457
f 2457 2465 2458
f 2458 2465 2466
f 2458 2466 2459
f 2459 2466 2467
f 2459 2467 2460
f 2460 2467 2468
f 2460 2468 2461
f 2461 2468 2469
f 2461 2469 2462
f 2462 2469 2470
f 2462 2470 2463
f 2463 2470 2471
f 2463 2471 2464
f 2464 2471 2472
f 2464 2472 2457
f 2457 2472 2465
f 2465 2473 2466
f 2466 2473 2474
f 2466 2474 2467
f 2467 2474 2475
f 2467 2475 2468
f 2468 2475 2476
f 2468 2476 2469
f 2469 2476 2477
f 2469 2477 2470
f 2470 2477 2478
f 2470 2478 2471
f 2471 2478 2479
f 2471 2479 2472
f 2472 2479 2480
f 2472 2480 2465
f 2465 2480 2473
f 2473 2481 2474
f 2474 2481 2482
f 2474 2482 2475
f 2475 2482 2483
f 2475 2483 2476
f 2476 2483 2484
f 2476 2484 2477
f 2477 2484 2485
f 2477 2485 2478
f 2478 2485 2486
f 2478 2486 2479
f 2479 2486 2487
f 2479 2487 2480
f 2480 2487 2488
f 2480 2488 2473
f 2473 2488 2481
f 2481 2489 2482
f 2482 2489 2490
f 2482 2490 2483
f 2483 2490 2491
f 2483 2491 2484
f 2484 2491 2492
f 2484 2492 2485
f 2485 2492 2493
f 2485 2493 2486
f 2486 2493 2494
f 2486 2494 2487
f 2487 2494 2495
f 2487 2495 2488
f 2488 2495 2496
f 2488 2496 2481
f 2481 2496 2489
f 2489 2497 2490
f 2490 2497 2498
f 2490 2498 2491
f 2491 2498 2499
f 2491 2499 2492
f 2492 2499 2500
f 2492 2500 2493
f 2493 2500 2501
f 2493 2501 2494
f 2494 2501 2502
f 2494 2502 2495
f 2495 2502 2503
f 2495 2503 2496
f 2496 2503 2504
f 2496 2504 2489
f 2489 2504 2497
f 2497 2505 2498
f 2498 2505 2506
f 2498 2506 2499
f 2499 2506 2507
f 2499 2507 2500
f 2500 2507 2508
f 2500 2508 2501
f 2501 2508 2509
f 2501 2509 2502
f 2502 2509 2510
f 2502 2510 2503
f 2503 2510 2511
f 2503 2511 2504
f 2504 2511 2512
f 2504 2512 2497
f 2497 2512 2505
f 2505 2513 2506
f 2506 2513 2514
f 2506 2514 2507
f 2507 2514 2515
f 2507 2515 2508
f 2508 2515 2516
f 2508 2516 2509
f 2509 2516 2517
f 2509 2517 2510
f 2510 2517 2518
f 2510 2518 2511
f 2511 2518 2519
f 2511 2519 2512
f 2512 2519 2520
f 2512 2520 2505
f 2505 2520 2513
f 2513 2521 2514
f 2514 2521 2522
f 2514 2522 2515
f 2515 2522 2523
f 2515 2523 2516
f 2516 2523 2524
f 2516 2524 2517
f 2517 2524 2525
f 2517 2525 2518
f 2518 2525 2526
f 2518 2526 2519
f 2519 2526 2527
f 2519 2527 2520
f 2520 2527 2528
f 2520 2528 2513
f 2513 2528 2521
f 2521 2529 2522
f 2522 2529 2530
f 2522 2530 2523
f 2523 2530 2531
f 2523 2531 2524
f 2524 2531 2532
f 2524 2532 2525
f 2525 2532 2533
f 2525 2533 2526
f 2526 2533 2534
f 2526 2534 2527
f 2527 2534 2535
f 2527 2535 2528
f 2528 2535 2536
f 2528 2536 2521
f 2521 2536 2529
f 2529 2537 2530
f 2530 2537 2538
f 2530 2538 2531
f 2531 2538 2539
f 2531 2539 2532
f 2532 2539 2540
f 2532 2540 2533
f 2533 2540 2541
f 2533 2541 2534
f 2534 2541 2542
f 2534 2542 2535
f 2535 2542 2543
f 2535 2543 2536
f 2536 2543 2544
f 2536 2544 2529
f 2529 2544 2537
f 2537 2545 2538
f 2538 2545 2546
f 2538 2546 2539
f 2539 2546 2547
f 2539 2547 2540
f 2540 2547 2548
f 2540 2548 2541
f 2541 2548 2549
f 2541 2549 2542
f 2542 2549 2550
f 2542 2550 2543
f 2543 2550 2551
f 2543 2551 2544
f 2544 2551 2552
f 2544 2552 2537
f 2537 2552 2545
f 2545 2329 2546
f 2546 2329 2330
f 2546 2330 2547
f 2547 2330 2331
f 2547 2331 2548
f 2548 2331 2332
f 2548 2332 2549
f 2549 2332 2333
f 2549 2333 2550
f 2550 2333 2334
f 2550 2334 2551
f 2551 2334 2335
f 2551 2335 2552
f 2552 2335 2336
f 2552 2336 2545
f 2545 2336 2329
o linen_turban_top
v -7.623101 94.783940 0.000000
v 7.623101 94.783940 0.000000
v -7.623101 81.216060 0.000000
v 7.623101 81.216060 0.000000
v 0.000000 83.807294 12.334437
v 0.000000 92.192706 12.334437
v 0.000000 83.807294 -12.334437
v 0.000000 92.192706 -12.334437
v 12.334437 88.000000 -7.623101
v 12.334437 88.000000 7.623101
v -12.334437 88.000000 -7.623101
v -12.334437 88.000000 7.623101
v 0.000000 95.975000 0.000000
v 0.000000 80.025000 0.000000
v -4.480746 81.548089 7.250000
v 4.480746 81.548089 7.250000
v -4.480746 94.451911 7.250000
v 4.480746 94.451911 7.250000
v 0.000000 88.000000 14.500000
v -4.480746 81.548089 -7.250000
v 4.480746 81.548089 -7.250000
v -4.480746 94.451911 -7.250000
v 4.480746 94.451911 -7.250000
v 0.000000 88.000000 -14.500000
v 11.730746 91.987500 -4.480746
v 11.730746 84.012500 -4.480746
v 7.250000 85.535589 -11.730746
v 7.250000 90.464411 -11.730746
v 11.730746 91.987500 4.480746
v 11.730746 84.012500 4.480746
v 7.250000 85.535589 11.730746
v 7.250000 90.464411 11.730746
v 14.500000 88.000000 0.000000
v -11.730746 91.987500 -4.480746
v -11.730746 84.012500 -4.480746
v -7.250000 85.535589 -11.730746
v -7.250000 90.464411 -11.730746
v -11.730746 91.987500 4.480746
v -11.730746 84.012500 4.480746
v -7.250000 85.535589 11.730746
v -7.250000 90.464411 11.730746
v -14.500000 88.000000 0.000000
v -3.962365 95.671458 0.000000
v 3.962365 95.671458 0.000000
v -3.962365 80.328542 0.000000
v 3.962365 80.328542 0.000000
v -6.291384 81.120219 3.768433
v -2.329020 82.467101 10.179673
v -2.355668 80.415324 3.811551
v 6.291384 81.120219 3.768433
v 2.329020 82.467101 10.179673
v 2.355668 80.415324 3.811551
v 0.000000 81.216060 7.623101
v -6.291384 94.879781 3.768433
v -2.329020 93.532899 10.179673
v -2.355668 95.584676 3.811551
v 6.291384 94.879781 3.768433
v 2.329020 93.532899 10.179673
v 2.355668 95.584676 3.811551
v 0.000000 94.783940 7.623101
v 0.000000 85.820699 13.948106
v 0.000000 90.179301 13.948106
v -6.291384 81.120219 -3.768433
v -2.329020 82.467101 -10.179673
v -2.355668 80.415324 -3.811551
v 6.291384 81.120219 -3.768433
v 2.329020 82.467101 -10.179673
v 2.355668 80.415324 -3.811551
v 0.000000 81.216060 -7.623101
v -6.291384 94.879781 -3.768433
v -2.329020 93.532899 -10.179673
v -2.355668 95.584676 -3.811551
v 6.291384 94.879781 -3.768433
v 2.329020 93.532899 -10.179673
v 2.355668 95.584676 -3.811551
v 0.000000 94.783940 -7.623101
v 0.000000 85.820699 -13.948106
v 0.000000 90.179301 -13.948106
v 10.059817 93.598820 -2.329020
v 12.508693 90.072638 -6.291384
v 8.522886 93.488323 -6.167218
v 10.059817 82.401180 -2.329020
v 12.508693 85.927362 -6.291384
v 8.522886 82.511677 -6.167218
v 3.768433 84.539739 -12.508693
v 10.179673 86.719039 -10.059817
v 6.167218 83.312413 -9.978769
v 3.811551 86.704383 -13.790319
v 9.978769 84.608030 -8.522886
v 3.768433 91.460261 -12.508693
v 10.179673 89.280961 -10.059817
v 6.167218 92.687587 -9.978769
v 3.811551 89.295617 -13.790319
v 9.978769 91.391970 -8.522886
v 7.623101 88.000000 -12.334437
v 10.059817 93.598820 2.329020
v 12.508693 90.072638 6.291384
v 8.522886 93.488323 6.167218
v 12.334437 92.192706 0.000000
v 10.059817 82.401180 2.329020
v 12.508693 85.927362 6.291384
v 8.522886 82.511677 6.167218
v 12.334437 83.807294 0.000000
v 3.768433 84.539739 12.508693
v 10.179673 86.719039 10.059817
v 6.167218 83.312413 9.978769
v 3.811551 86.704383 13.790319
v 9.978769 84.608030 8.522886
v 3.768433 91.460261 12.508693
v 10.179673 89.280961 10.059817
v 6.167218 92.687587 9.978769
v 3.811551 89.295617 13.790319
v 9.978769 91.391970 8.522886
v 7.623101 88.000000 12.334437
v 13.948106 88.000000 -3.962365
v 13.948106 88.000000 3.962365
v 13.790319 90.096353 -2.355668
v 13.790319 85.903647 -2.355668
v 13.790319 90.096353 2.355668
v 13.790319 85.903647 2.355668
v -10.059817 93.598820 -2.329020
v -12.508693 90.072638 -6.291384
v -8.522886 93.488323 -6.167218
v -10.059817 82.401180 -2.329020
v -12.508693 85.927362 -6.291384
v -8.522886 82.511677 -6.167218
v -3.768433 84.539739 -12.508693
v -10.179673 86.719039 -10.059817
v -6.167218 83.312413 -9.978769
v -3.811551 86.704383 -13.790319
v -9.978769 84.608030 -8.522886
v -3.768433 91.460261 -12.508693
v -10.179673 89.280961 -10.059817
v -6.167218 92.687587 -9.978769
v -3.811551 89.295617 -13.790319
v -9.978769 91.391970 -8.522886
v -7.623101 88.000000 -12.334437
v -10.059817 93.598820 2.329020
v -12.508693 90.072638 6.291384
v -8.522886 93.488323 6.167218
v -12.334437 92.192706 0.000000
v -10.059817 82.401180 2.329020
v -12.508693 85.927362 6.291384
v -8.522886 82.511677 6.167218
v -12.334437 83.807294 0.000000
v -3.768433 84.539739 12.508693
v -10.179673 86.719039 10.059817
v -6.167218 83.312413 9.978769
v -3.811551 86.704383 13.790319
v -9.978769 84.608030 8.522886
v -3.768433 91.460261 12.508693
v -10.179673 89.280961 10.059817
v -6.167218 92.687587 9.978769
v -3.811551 89.295617 13.790319
v -9.978769 91.391970 8.522886
v -7.623101 88.000000 12.334437
v -13.948106 88.000000 -3.962365
v -13.948106 88.000000 3.962365
v -13.790319 90.096353 -2.355668
v -13.790319 85.903647 -2.355668
v -13.790319 90.096353 2.355668
v -13.790319 85.903647 2.355668
f 2553 2690 2606
f 2690 2590 2692
f 2606 2692 2569
f 2690 2692 2606
f 2590 2691 2707
f 2691 2564 2704
f 2707 2704 2593
f 2691 2704 2707
f 2569 2705 2607
f 2705 2593 2703
f 2607 2703 2558
f 2705 2703 2607
f 2590 2707 2692
f 2707 2593 2705
f 2692 2705 2569
f 2707 2705 2692
f 2553 2606 2595
f 2606 2569 2608
f 2595 2608 2565
f 2606 2608 2595
f 2569 2607 2612
f 2607 2558 2610
f 2612 2610 2570
f 2607 2610 2612
f 2565 2611 2596
f 2611 2570 2609
f 2596 2609 2554
f 2611 2609 2596
f 2569 2612 2608
f 2612 2570 2611
f 2608 2611 2565
f 2612 2611 2608
f 2553 2595 2622
f 2595 2565 2624
f 2622 2624 2574
f 2595 2624 2622
f 2565 2596 2627
f 2596 2554 2625
f 2627 2625 2575
f 2596 2625 2627
f 2574 2628 2623
f 2628 2575 2626
f 2623 2626 2560
f 2628 2626 2623
f 2565 2627 2624
f 2627 2575 2628
f 2624 2628 2574
f 2627 2628 2624
f 2553 2622 2673
f 2622 2574 2675
f 2673 2675 2586
f 2622 2675 2673
f 2574 2623 2686
f 2623 2560 2684
f 2686 2684 2589
f 2623 2684 2686
f 2586 2688 2674
f 2688 2589 2685
f 2674 2685 2563
f 2688 2685 2674
f 2574 2686 2675
f 2686 2589 2688
f 2675 2688 2586
f 2686 2688 2675
f 2553 2673 2690
f 2673 2586 2693
f 2690 2693 2590
f 2673 2693 2690
f 2586 2674 2711
f 2674 2563 2709
f 2711 2709 2594
f 2674 2709 2711
f 2590 2713 2691
f 2713 2594 2710
f 2691 2710 2564
f 2713 2710 2691
f 2586 2711 2693
f 2711 2594 2713
f 2693 2713 2590
f 2711 2713 2693
f 2554 2609 2648
f 2609 2570 2650
f 2648 2650 2581
f 2609 2650 2648
f 2570 2610 2663
f 2610 2558 2661
f 2663 2661 2584
f 2610 2661 2663
f 2581 2665 2649
f 2665 2584 2662
f 2649 2662 2562
f 2665 2662 2649
f 2570 2663 2650
f 2663 2584 2665
f 2650 2665 2581
f 2663 2665 2650
f 2558 2703 2614
f 2703 2593 2706
f 2614 2706 2571
f 2703 2706 2614
f 2593 2704 2708
f 2704 2564 2699
f 2708 2699 2592
f 2704 2699 2708
f 2571 2701 2613
f 2701 2592 2698
f 2613 2698 2557
f 2701 2698 2613
f 2593 2708 2706
f 2708 2592 2701
f 2706 2701 2571
f 2708 2701 2706
f 2564 2710 2695
f 2710 2594 2714
f 2695 2714 2591
f 2710 2714 2695
f 2594 2709 2712
f 2709 2563 2677
f 2712 2677 2587
f 2709 2677 2712
f 2591 2697 2694
f 2697 2587 2676
f 2694 2676 2555
f 2697 2676 2694
f 2594 2712 2714
f 2712 2587 2697
f 2714 2697 2591
f 2712 2697 2714
f 2563 2685 2680
f 2685 2589 2689
f 2680 2689 2588
f 2685 2689 2680
f 2589 2684 2687
f 2684 2560 2630
f 2687 2630 2576
f 2684 2630 2687
f 2588 2682 2679
f 2682 2576 2629
f 2679 2629 2559
f 2682 2629 2679
f 2589 2687 2689
f 2687 2576 2682
f 2689 2682 2588
f 2687 2682 2689
f 2560 2626 2642
f 2626 2575 2644
f 2642 2644 2580
f 2626 2644 2642
f 2575 2625 2633
f 2625 2554 2631
f 2633 2631 2577
f 2625 2631 2633
f 2580 2646 2643
f 2646 2577 2632
f 2643 2632 2561
f 2646 2632 2643
f 2575 2633 2644
f 2633 2577 2646
f 2644 2646 2580
f 2633 2646 2644
f 2556 2652 2602
f 2652 2582 2654
f 2602 2654 2568
f 2652 2654 2602
f 2582 2653 2660
f 2653 2562 2657
f 2660 2657 2583
f 2653 2657 2660
f 2568 2658 2603
f 2658 2583 2656
f 2603 2656 2557
f 2658 2656 2603
f 2582 2660 2654
f 2660 2583 2658
f 2654 2658 2568
f 2660 2658 2654
f 2556 2602 2598
f 2602 2568 2604
f 2598 2604 2566
f 2602 2604 2598
f 2568 2603 2605
f 2603 2557 2600
f 2605 2600 2567
f 2603 2600 2605
f 2566 2601 2597
f 2601 2567 2599
f 2597 2599 2555
f 2601 2599 2597
f 2568 2605 2604
f 2605 2567 2601
f 2604 2601 2566
f 2605 2601 2604
f 2556 2598 2618
f 2598 2566 2620
f 2618 2620 2573
f 2598 2620 2618
f 2566 2597 2617
f 2597 2555 2615
f 2617 2615 2572
f 2597 2615 2617
f 2573 2621 2619
f 2621 2572 2616
f 2619 2616 2559
f 2621 2616 2619
f 2566 2617 2620
f 2617 2572 2621
f 2620 2621 2573
f 2617 2621 2620
f 2556 2618 2634
f 2618 2573 2636
f 2634 2636 2578
f 2618 2636 2634
f 2573 2619 2639
f 2619 2559 2637
f 2639 2637 2579
f 2619 2637 2639
f 2578 2641 2635
f 2641 2579 2638
f 2635 2638 2561
f 2641 2638 2635
f 2573 2639 2636
f 2639 2579 2641
f 2636 2641 2578
f 2639 2641 2636
f 2556 2634 2652
f 2634 2578 2655
f 2652 2655 2582
f 2634 2655 2652
f 2578 2635 2670
f 2635 2561 2667
f 2670 2667 2585
f 2635 2667 2670
f 2582 2672 2653
f 2672 2585 2668
f 2653 2668 2562
f 2672 2668 2653
f 2578 2670 2655
f 2670 2585 2672
f 2655 2672 2582
f 2670 2672 2655
f 2557 2656 2613
f 2656 2583 2659
f 2613 2659 2571
f 2656 2659 2613
f 2583 2657 2666
f 2657 2562 2662
f 2666 2662 2584
f 2657 2662 2666
f 2571 2664 2614
f 2664 2584 2661
f 2614 2661 2558
f 2664 2661 2614
f 2583 2666 2659
f 2666 2584 2664
f 2659 2664 2571
f 2666 2664 2659
f 2555 2599 2694
f 2599 2567 2696
f 2694 2696 2591
f 2599 2696 2694
f 2567 2600 2700
f 2600 2557 2698
f 2700 2698 2592
f 2600 2698 2700
f 2591 2702 2695
f 2702 2592 2699
f 2695 2699 2564
f 2702 2699 2695
f 2567 2700 2696
f 2700 2592 2702
f 2696 2702 2591
f 2700 2702 2696
f 2559 2616 2679
f 2616 2572 2681
f 2679 2681 2588
f 2616 2681 2679
f 2572 2615 2678
f 2615 2555 2676
f 2678 2676 2587
f 2615 2676 2678
f 2588 2683 2680
f 2683 2587 2677
f 2680 2677 2563
f 2683 2677 2680
f 2572 2678 2681
f 2678 2587 2683
f 2681 2683 2588
f 2678 2683 2681
f 2561 2638 2643
f 2638 2579 2647
f 2643 2647 2580
f 2638 2647 2643
f 2579 2637 2640
f 2637 2559 2629
f 2640 2629 2576
f 2637 2629 2640
f 2580 2645 2642
f 2645 2576 2630
f 2642 2630 2560
f 2645 2630 2642
f 2579 2640 2647
f 2640 2576 2645
f 2647 2645 2580
f 2640 2645 2647
f 2562 2668 2649
f 2668 2585 2671
f 2649 2671 2581
f 2668 2671 2649
f 2585 2667 2669
f 2667 2561 2632
f 2669 2632 2577
f 2667 2632 2669
f 2581 2651 2648
f 2651 2577 2631
f 2648 2631 2554
f 2651 2631 2648
f 2585 2669 2671
f 2669 2577 2651
f 2671 2651 2581
f 2669 2651 2671
o linen_leftArm
v -19.300000 4.000000 0.000000
v -20.388603 4.000000 3.350376
v -23.238603 4.000000 5.421022
v -26.761397 4.000000 5.421022
v -29.611397 4.000000 3.350376
v -30.700000 4.000000 0.000000
v -29.611397 4.000000 -3.350376
v -26.761397 4.000000 -5.421022
v -23.238603 4.000000 -5.421022
v -20.388603 4.000000 -3.350376
v -20.800000 52.000000 0.000000
v -21.602129 52.000000 2.468698
v -23.702129 52.000000 3.994437
v -26.297871 52.000000 3.994437
v -28.397871 52.000000 2.468698
v -29.200000 52.000000 0.000000
v -28.397871 52.000000 -2.468698
v -26.297871 52.000000 -3.994437
v -23.702129 52.000000 -3.994437
v -21.602129 52.000000 -2.468698
v -25.000000 4.000000 0.000000
v -25.000000 52.000000 0.000000
f 2715 2716 2726
f 2715 2726 2725
f 2735 2715 2716
f 2736 2726 2725
f 2716 2717 2727
f 2716 2727 2726
f 2735 2716 2717
f 2736 2727 2726
f 2717 2718 2728
f 2717 2728 2727
f 2735 2717 2718
f 2736 2728 2727
f 2718 2719 2729
f 2718 2729 2728
f 2735 2718 2719
f 2736 2729 2728
f 2719 2720 2730
f 2719 2730 2729
f 2735 2719 2720
f 2736 2730 2729
f 2720 2721 2731
f 2720 2731 2730
f 2735 2720 2721
f 2736 2731 2730
f 2721 2722 2732
f 2721 2732 2731
f 2735 2721 2722
f 2736 2732 2731
f 2722 2723 2733
f 2722 2733 2732
f 2735 2722 2723
f 2736 2733 2732
f 2723 2724 2734
f 2723 2734 2733
f 2735 2723 2724
f 2736 2734 2733
f 2724 2715 2725
f 2724 2725 2734
f 2735 2724 2715
f 2736 2725 2734
o linen_rightArm
v 30.700000 4.000000 0.000000
v 29.611397 4.000000 3.350376
v 26.761397 4.000000 5.421022
v 23.238603 4.000000 5.421022
v 20.388603 4.000000 3.350376
v 19.300000 4.000000 0.000000
v 20.388603 4.000000 -3.350376
v 23.238603 4.000000 -5.421022
v 26.761397 4.000000 -5.421022
v 29.611397 4.000000 -3.350376
v 29.200000 52.000000 0.000000
v 28.397871 52.000000 2.468698
v 26.297871 52.000000 3.994437
v 23.702129 52.000000 3.994437
v 21.602129 52.000000 2.468698
v 20.800000 52.000000 0.000000
v 21.602129 52.000000 -2.468698
v 23.702129 52.000000 -3.994437
v 26.297871 52.000000 -3.994437
v 28.397871 52.000000 -2.468698
v 25.000000 4.000000 0.000000
v 25.000000 52.000000 0.000000
f 2737 2738 2748
f 2737 2748 2747
f 2757 2737 2738
f 2758 2748 2747
f 2738 2739 2749
f 2738 2749 2748
f 2757 2738 2739
f 2758 2749 2748
f 2739 2740 2750
f 2739 2750 2749
f 2757 2739 2740
f 2758 2750 2749
f 2740 2741 2751
f 2740 2751 2750
f 2757 2740 2741
f 2758 2751 2750
f 2741 2742 2752
f 2741 2752 2751
f 2757 2741 2742
f 2758 2752 2751
f 2742 2743 2753
f 2742 2753 2752
f 2757 2742 2743
f 2758 2753 2752
f 2743 2744 2754
f 2743 2754 2753
f 2757 2743 2744
f 2758 2754 2753
f 2744 2745 2755
f 2744 2755 2754
f 2757 2744 2745
f 2758 2755 2754
f 2745 2746 2756
f 2745 2756 2755
f 2757 2745 2746
f 2758 2756 2755
f 2746 2737 2747
f 2746 2747 2756
f 2757 2746 2737
f 2758 2747 2756
o skin_leftHand
v -27.413106 6.823190 0.000000
v -22.586894 6.823190 0.000000
v -27.413106 -2.823190 0.000000
v -22.586894 -2.823190 0.000000
v -25.000000 -0.980895 3.674811
v -25.000000 4.980895 3.674811
v -25.000000 -0.980895 -3.674811
v -25.000000 4.980895 -3.674811
v -21.095513 2.000000 -2.271158
v -21.095513 2.000000 2.271158
v -28.904487 2.000000 -2.271158
v -28.904487 2.000000 2.271158
v -25.000000 7.670000 0.000000
v -25.000000 -3.670000 0.000000
v -26.418388 -2.587126 2.160000
v -23.581612 -2.587126 2.160000
v -26.418388 6.587126 2.160000
v -23.581612 6.587126 2.160000
v -25.000000 2.000000 4.320000
v -26.418388 -2.587126 -2.160000
v -23.581612 -2.587126 -2.160000
v -26.418388 6.587126 -2.160000
v -23.581612 6.587126 -2.160000
v -25.000000 2.000000 -4.320000
v -21.286612 4.835000 -1.334953
v -21.286612 -0.835000 -1.334953
v -22.705000 0.247874 -3.494953
v -22.705000 3.752126 -3.494953
v -21.286612 4.835000 1.334953
v -21.286612 -0.835000 1.334953
v -22.705000 0.247874 3.494953
v -22.705000 3.752126 3.494953
v -20.410000 2.000000 0.000000
v -28.713388 4.835000 -1.334953
v -28.713388 -0.835000 -1.334953
v -27.295000 0.247874 -3.494953
v -27.295000 3.752126 -3.494953
v -28.713388 4.835000 1.334953
v -28.713388 -0.835000 1.334953
v -27.295000 0.247874 3.494953
v -27.295000 3.752126 3.494953
v -29.590000 2.000000 0.000000
f 2759 2796 2775
f 2796 2770 2799
f 2775 2799 2764
f 2796 2799 2775
f 2759 2775 2771
f 2775 2764 2776
f 2771 2776 2760
f 2775 2776 2771
f 2759 2771 2780
f 2771 2760 2781
f 2780 2781 2766
f 2771 2781 2780
f 2759 2780 2792
f 2780 2766 2795
f 2792 2795 2769
f 2780 2795 2792
f 2759 2792 2796
f 2792 2769 2800
f 2796 2800 2770
f 2792 2800 2796
f 2760 2776 2787
f 2776 2764 2790
f 2787 2790 2768
f 2776 2790 2787
f 2764 2799 2777
f 2799 2770 2798
f 2777 2798 2763
f 2799 2798 2777
f 2770 2800 2797
f 2800 2769 2793
f 2797 2793 2761
f 2800 2793 2797
f 2769 2795 2794
f 2795 2766 2782
f 2794 2782 2765
f 2795 2782 2794
f 2766 2781 2786
f 2781 2760 2783
f 2786 2783 2767
f 2781 2783 2786
f 2762 2788 2774
f 2788 2768 2789
f 2774 2789 2763
f 2788 2789 2774
f 2762 2774 2772
f 2774 2763 2773
f 2772 2773 2761
f 2774 2773 2772
f 2762 2772 2779
f 2772 2761 2778
f 2779 2778 2765
f 2772 2778 2779
f 2762 2779 2784
f 2779 2765 2785
f 2784 2785 2767
f 2779 2785 2784
f 2762 2784 2788
f 2784 2767 2791
f 2788 2791 2768
f 2784 2791 2788
f 2763 2789 2777
f 2789 2768 2790
f 2777 2790 2764
f 2789 2790 2777
f 2761 2773 2797
f 2773 2763 2798
f 2797 2798 2770
f 2773 2798 2797
f 2765 2778 2794
f 2778 2761 2793
f 2794 2793 2769
f 2778 2793 2794
f 2767 2785 2786
f 2785 2765 2782
f 2786 2782 2766
f 2785 2782 2786
f 2768 2791 2787
f 2791 2767 2783
f 2787 2783 2760
f 2791 2783 2787
o skin_rightHand
v 22.586894 6.823190 0.000000
v 27.413106 6.823190 0.000000
v 22.586894 -2.823190 0.000000
v 27.413106 -2.823190 0.000000
v 25.000000 -0.980895 3.674811
v 25.000000 4.980895 3.674811
v 25.000000 -0.980895 -3.674811
v 25.000000 4.980895 -3.674811
v 28.904487 2.000000 -2.271158
v 28.904487 2.000000 2.271158
v 21.095513 2.000000 -2.271158
v 21.095513 2.000000 2.271158
v 25.000000 7.670000 0.000000
v 25.000000 -3.670000 0.000000
v 23.581612 -2.587126 2.160000
v 26.418388 -2.587126 2.160000
v 23.581612 6.587126 2.160000
v 26.418388 6.587126 2.160000
v 25.000000 2.000000 4.320000
v 23.581612 -2.587126 -2.160000
v 26.418388 -2.587126 -2.160000
v 23.581612 6.587126 -2.160000
v 26.418388 6.587126 -2.160000
v 25.000000 2.000000 -4.320000
v 28.713388 4.835000 -1.334953
v 28.713388 -0.835000 -1.334953
v 27.295000 0.247874 -3.494953
v 27.295000 3.752126 -3.494953
v 28.713388 4.835000 1.334953
v 28.713388 -0.835000 1.334953
v 27.295000 0.247874 3.494953
v 27.295000 3.752126 3.494953
v 29.590000 2.000000 0.000000
v 21.286612 4.835000 -1.334953
v 21.286612 -0.835000 -1.334953
v 22.705000 0.247874 -3.494953
v 22.705000 3.752126 -3.494953
v 21.286612 4.835000 1.334953
v 21.286612 -0.835000 1.334953
v 22.705000 0.247874 3.494953
v 22.705000 3.752126 3.494953
v 20.410000 2.000000 0.000000
f 2801 2838 2817
f 2838 2812 2841
f 2817 2841 2806
f 2838 2841 2817
f 2801 2817 2813
f 2817 2806 2818
f 2813 2818 2802
f 2817 2818 2813
f 2801 2813 2822
f 2813 2802 2823
f 2822 2823 2808
f 2813 2823 2822
f 2801 2822 2834
f 2822 2808 2837
f 2834 2837 2811
f 2822 2837 2834
f 2801 2834 2838
f 2834 2811 2842
f 2838 2842 2812
f 2834 2842 2838
f 2802 2818 2829
f 2818 2806 2832
f 2829 2832 2810
f 2818 2832 2829
f 2806 2841 2819
f 2841 2812 2840
f 2819 2840 2805
f 2841 2840 2819
f 2812 2842 2839
f 2842 2811 2835
f 2839 2835 2803
f 2842 2835 2839
f 2811 2837 2836
f 2837 2808 2824
f 2836 2824 2807
f 2837 2824 2836
f 2808 2823 2828
f 2823 2802 2825
f 2828 2825 2809
f 2823 2825 2828
f 2804 2830 2816
f 2830 2810 2831
f 2816 2831 2805
f 2830 2831 2816
f 2804 2816 2814
f 2816 2805 2815
f 2814 2815 2803
f 2816 2815 2814
f 2804 2814 2821
f 2814 2803 2820
f 2821 2820 2807
f 2814 2820 2821
f 2804 2821 2826
f 2821 2807 2827
f 2826 2827 2809
f 2821 2827 2826
f 2804 2826 2830
f 2826 2809 2833
f 2830 2833 2810
f 2826 2833 2830
f 2805 2831 2819
f 2831 2810 2832
f 2819 2832 2806
f 2831 2832 2819
f 2803 2815 2839
f 2815 2805 2840
f 2839 2840 2812
f 2815 2840 2839
f 2807 2820 2836
f 2820 2803 2835
f 2836 2835 2811
f 2820 2835 2836
f 2809 2827 2828
f 2827 2807 2824
f 2828 2824 2808
f 2827 2824 2828
f 2810 2833 2829
f 2833 2809 2825
f 2829 2825 2802
f 2833 2825 2829
o dark_leftLeg
v -7.500000 -101.500000 0.000000
v -8.359424 -101.500000 2.645034
v -10.609424 -101.500000 4.279754
v -13.390576 -101.500000 4.279754
v -15.640576 -101.500000 2.645034
v -16.500000 -101.500000 0.000000
v -15.640576 -101.500000 -2.645034
v -13.390576 -101.500000 -4.279754
v -10.609424 -101.500000 -4.279754
v -8.359424 -101.500000 -2.645034
v -8.200000 -54.500000 0.000000
v -8.925735 -54.500000 2.233584
v -10.825735 -54.500000 3.614015
v -13.174265 -54.500000 3.614015
v -15.074265 -54.500000 2.233584
v -15.800000 -54.500000 0.000000
v -15.074265 -54.500000 -2.233584
v -13.174265 -54.500000 -3.614015
v -10.825735 -54.500000 -3.614015
v -8.925735 -54.500000 -2.233584
v -12.000000 -101.500000 0.000000
v -12.000000 -54.500000 0.000000
f 2843 2844 2854
f 2843 2854 2853
f 2863 2843 2844
f 2864 2854 2853
f 2844 2845 2855
f 2844 2855 2854
f 2863 2844 2845
f 2864 2855 2854
f 2845 2846 2856
f 2845 2856 2855
f 2863 2845 2846
f 2864 2856 2855
f 2846 2847 2857
f 2846 2857 2856
f 2863 2846 2847
f 2864 2857 2856
f 2847 2848 2858
f 2847 2858 2857
f 2863 2847 2848
f 2864 2858 2857
f 2848 2849 2859
f 2848 2859 2858
f 2863 2848 2849
f 2864 2859 2858
f 2849 2850 2860
f 2849 2860 2859
f 2863 2849 2850
f 2864 2860 2859
f 2850 2851 2861
f 2850 2861 2860
f 2863 2850 2851
f 2864 2861 2860
f 2851 2852 2862
f 2851 2862 2861
f 2863 2851 2852
f 2864 2862 2861
f 2852 2843 2853
f 2852 2853 2862
f 2863 2852 2843
f 2864 2853 2862
o dark_rightLeg
v 16.500000 -101.500000 0.000000
v 15.640576 -101.500000 2.645034
v 13.390576 -101.500000 4.279754
v 10.609424 -101.500000 4.279754
v 8.359424 -101.500000 2.645034
v 7.500000 -101.500000 0.000000
v 8.359424 -101.500000 -2.645034
v 10.609424 -101.500000 -4.279754
v 13.390576 -101.500000 -4.279754
v 15.640576 -101.500000 -2.645034
v 15.800000 -54.500000 0.000000
v 15.074265 -54.500000 2.233584
v 13.174265 -54.500000 3.614015
v 10.825735 -54.500000 3.614015
v 8.925735 -54.500000 2.233584
v 8.200000 -54.500000 0.000000
v 8.925735 -54.500000 -2.233584
v 10.825735 -54.500000 -3.614015
v 13.174265 -54.500000 -3.614015
v 15.074265 -54.500000 -2.233584
v 12.000000 -101.500000 0.000000
v 12.000000 -54.500000 0.000000
f 2865 2866 2876
f 2865 2876 2875
f 2885 2865 2866
f 2886 2876 2875
f 2866 2867 2877
f 2866 2877 2876
f 2885 2866 2867
f 2886 2877 2876
f 2867 2868 2878
f 2867 2878 2877
f 2885 2867 2868
f 2886 2878 2877
f 2868 2869 2879
f 2868 2879 2878
f 2885 2868 2869
f 2886 2879 2878
f 2869 2870 2880
f 2869 2880 2879
f 2885 2869 2870
f 2886 2880 2879
f 2870 2871 2881
f 2870 2881 2880
f 2885 2870 2871
f 2886 2881 2880
f 2871 2872 2882
f 2871 2882 2881
f 2885 2871 2872
f 2886 2882 2881
f 2872 2873 2883
f 2872 2883 2882
f 2885 2872 2873
f 2886 2883 2882
f 2873 2874 2884
f 2873 2884 2883
f 2885 2873 2874
f 2886 2884 2883
f 2874 2865 2875
f 2874 2875 2884
f 2885 2874 2865
f 2886 2875 2884
o leather_sandal
v -18.500000 -106.500000 -8.500000
v -18.500000 -106.500000 14.500000
v -18.500000 -101.500000 -8.500000
v -18.500000 -101.500000 14.500000
v -5.500000 -106.500000 -8.500000
v -5.500000 -106.500000 14.500000
v -5.500000 -101.500000 -8.500000
v -5.500000 -101.500000 14.500000
f 2888 2890 2887
f 2891 2888 2887
f 2887 2890 2889
f 2889 2891 2887
f 2888 2894 2890
f 2892 2888 2891
f 2892 2894 2888
f 2890 2894 2889
f 2893 2891 2889
f 2889 2894 2893
f 2893 2892 2891
f 2894 2892 2893
o leather_sandal
v 5.500000 -106.500000 -8.500000
v 5.500000 -106.500000 14.500000
v 5.500000 -101.500000 -8.500000
v 5.500000 -101.500000 14.500000
v 18.500000 -106.500000 -8.500000
v 18.500000 -106.500000 14.500000
v 18.500000 -101.500000 -8.500000
v 18.500000 -101.500000 14.500000
f 2896 2898 2895
f 2899 2896 2895
f 2895 2898 2897
f 2897 2899 2895
f 2896 2902 2898
f 2900 2896 2899
f 2900 2902 2896
f 2898 2902 2897
f 2901 2899 2897
f 2897 2902 2901
f 2901 2900 2899
f 2902 2900 2901
o wood_club
v -25.377487 -24.901251 -5.000000
v -26.765458 -25.111022 -1.143274
v -30.279924 -25.642181 0.908847
v -34.276427 -26.246194 0.196152
v -36.884959 -26.640435 -2.947879
v -36.884959 -26.640435 -7.052121
v -34.276427 -26.246194 -10.196152
v -30.279924 -25.642181 -10.908847
v -26.765458 -25.111022 -8.856726
v -33.525819 10.276081 -5.000000
v -34.266070 10.164203 -2.943080
v -36.140452 9.880918 -1.848615
v -38.271920 9.558778 -2.228719
v -39.663137 9.348516 -3.905536
v -39.663137 9.348516 -6.094464
v -38.271920 9.558778 -7.771281
v -36.140452 9.880918 -8.151385
v -34.266070 10.164203 -7.056920
v -31.310114 -25.797879 -5.000000
v -36.689886 9.797879 -5.000000
f 2903 2904 2913
f 2903 2913 2912
f 2921 2903 2904
f 2922 2913 2912
f 2904 2905 2914
f 2904 2914 2913
f 2921 2904 2905
f 2922 2914 2913
f 2905 2906 2915
f 2905 2915 2914
f 2921 2905 2906
f 2922 2915 2914
f 2906 2907 2916
f 2906 2916 2915
f 2921 2906 2907
f 2922 2916 2915
f 2907 2908 2917
f 2907 2917 2916
f 2921 2907 2908
f 2922 2917 2916
f 2908 2909 2918
f 2908 2918 2917
f 2921 2908 2909
f 2922 2918 2917
f 2909 2910 2919
f 2909 2919 2918
f 2921 2909 2910
f 2922 2919 2918
f 2910 2911 2920
f 2910 2920 2919
f 2921 2910 2911
f 2922 2920 2919
f 2911 2903 2912
f 2911 2912 2920
f 2921 2911 2903
f 2922 2912 2920
o wood_staff
v 46.622810 -87.166544 -6.000000
v 45.152700 -87.129783 -1.474054
v 41.303903 -87.033543 1.323135
v 36.546529 -86.914584 1.323135
v 32.697732 -86.818344 -1.474054
v 31.227622 -86.781584 -6.000000
v 32.697732 -86.818344 -10.525946
v 36.546529 -86.914584 -13.323135
v 41.303903 -87.033543 -13.323135
v 45.152700 -87.129783 -10.525946
v 47.273471 78.869075 -6.000000
v 46.471593 78.889126 -3.531302
v 44.372250 78.941620 -2.005563
v 41.777318 79.006507 -2.005563
v 39.677974 79.059002 -3.531302
v 38.876096 79.079053 -6.000000
v 39.677974 79.059002 -8.468698
v 41.777318 79.006507 -9.994437
v 44.372250 78.941620 -9.994437
v 46.471593 78.889126 -8.468698
v 38.925216 -86.974064 -6.000000
v 43.074784 78.974064 -6.000000
f 2923 2924 2934
f 2923 2934 2933
f 2943 2923 2924
f 2944 2934 2933
f 2924 2925 2935
f 2924 2935 2934
f 2943 2924 2925
f 2944 2935 2934
f 2925 2926 2936
f 2925 2936 2935
f 2943 2925 2926
f 2944 2936 2935
f 2926 2927 2937
f 2926 2937 2936
f 2943 2926 2927
f 2944 2937 2936
f 2927 2928 2938
f 2927 2938 2937
f 2943 2927 2928
f 2944 2938 2937
f 2928 2929 2939
f 2928 2939 2938
f 2943 2928 2929
f 2944 2939 2938
f 2929 2930 2940
f 2929 2940 2939
f 2943 2929 2930
f 2944 2940 2939
f 2930 2931 2941
f 2930 2941 2940
f 2943 2930 2931
f 2944 2941 2940
f 2931 2932 2942
f 2931 2942 2941
f 2943 2931 2932
f 2944 2942 2941
f 2932 2923 2933
f 2932 2933 2942
f 2943 2932 2923
f 2944 2933 2942
o white_tzitzit
v -24.550000 -42.000000 -31.000000
v -23.830000 -42.000000 -31.000000
v -23.830000 -42.000000 0.000000
v -24.550000 -42.000000 0.000000
v -24.190000 -41.376462 -31.000000
v -24.190000 -41.376462 0.000000
v -24.910000 -41.376462 -31.000000
v -24.910000 -41.376462 0.000000
v -25.270000 -42.000000 -31.000000
v -25.270000 -42.000000 0.000000
v -24.910000 -42.623538 -31.000000
v -24.910000 -42.623538 0.000000
v -24.190000 -42.623538 -31.000000
v -24.190000 -42.623538 0.000000
f 2946 2945 2949
f 2946 2949 2947
f 2947 2949 2950
f 2947 2950 2948
f 2949 2945 2951
f 2949 2951 2950
f 2950 2951 2952
f 2950 2952 2948
f 2951 2945 2953
f 2951 2953 2952
f 2952 2953 2954
f 2952 2954 2948
f 2953 2945 2955
f 2953 2955 2954
f 2954 2955 2956
f 2954 2956 2948
f 2955 2945 2957
f 2955 2957 2956
f 2956 2957 2958
f 2956 2958 2948
f 2957 2945 2946
f 2957 2946 2958
f 2958 2946 2947
f 2958 2947 2948
o white_tzitzit
v -22.850000 -42.000000 -31.000000
v -22.130000 -42.000000 -31.000000
v -22.130000 -42.000000 0.000000
v -22.850000 -42.000000 0.000000
v -22.490000 -41.376462 -31.000000
v -22.490000 -41.376462 0.000000
v -23.210000 -41.376462 -31.000000
v -23.210000 -41.376462 0.000000
v -23.570000 -42.000000 -31.000000
v -23.570000 -42.000000 0.000000
v -23.210000 -42.623538 -31.000000
v -23.210000 -42.623538 0.000000
v -22.490000 -42.623538 -31.000000
v -22.490000 -42.623538 0.000000
f 2960 2959 2963
f 2960 2963 2961
f 2961 2963 2964
f 2961 2964 2962
f 2963 2959 2965
f 2963 2965 2964
f 2964 2965 2966
f 2964 2966 2962
f 2965 2959 2967
f 2965 2967 2966
f 2966 2967 2968
f 2966 2968 2962
f 2967 2959 2969
f 2967 2969 2968
f 2968 2969 2970
f 2968 2970 2962
f 2969 2959 2971
f 2969 2971 2970
f 2970 2971 2972
f 2970 2972 2962
f 2971 2959 2960
f 2971 2960 2972
f 2972 2960 2961
f 2972 2961 2962
o white_tzitzit
v -21.150000 -42.000000 -31.000000
v -20.430000 -42.000000 -31.000000
v -20.430000 -42.000000 0.000000
v -21.150000 -42.000000 0.000000
v -20.790000 -41.376462 -31.000000
v -20.790000 -41.376462 0.000000
v -21.510000 -41.376462 -31.000000
v -21.510000 -41.376462 0.000000
v -21.870000 -42.000000 -31.000000
v -21.870000 -42.000000 0.000000
v -21.510000 -42.623538 -31.000000
v -21.510000 -42.623538 0.000000
v -20.790000 -42.623538 -31.000000
v -20.790000 -42.623538 0.000000
f 2974 2973 2977
f 2974 2977 2975
f 2975 2977 2978
f 2975 2978 2976
f 2977 2973 2979
f 2977 2979 2978
f 2978 2979 2980
f 2978 2980 2976
f 2979 2973 2981
f 2979 2981 2980
f 2980 2981 2982
f 2980 2982 2976
f 2981 2973 2983
f 2981 2983 2982
f 2982 2983 2984
f 2982 2984 2976
f 2983 2973 2985
f 2983 2985 2984
f 2984 2985 2986
f 2984 2986 2976
f 2985 2973 2974
f 2985 2974 2986
f 2986 2974 2975
f 2986 2975 2976
o white_tzitzit
v -19.450000 -42.000000 -31.000000
v -18.730000 -42.000000 -31.000000
v -18.730000 -42.000000 0.000000
v -19.450000 -42.000000 0.000000
v -19.090000 -41.376462 -31.000000
v -19.090000 -41.376462 0.000000
v -19.810000 -41.376462 -31.000000
v -19.810000 -41.376462 0.000000
v -20.170000 -42.000000 -31.000000
v -20.170000 -42.000000 0.000000
v -19.810000 -42.623538 -31.000000
v -19.810000 -42.623538 0.000000
v -19.090000 -42.623538 -31.000000
v -19.090000 -42.623538 0.000000
f 2988 2987 2991
f 2988 2991 2989
f 2989 2991 2992
f 2989 2992 2990
f 2991 2987 2993
f 2991 2993 2992
f 2992 2993 2994
f 2992 2994 2990
f 2993 2987 2995
f 2993 2995 2994
f 2994 2995 2996
f 2994 2996 2990
f 2995 2987 2997
f 2995 2997 2996
f 2996 2997 2998
f 2996 2998 2990
f 2997 2987 2999
f 2997 2999 2998
f 2998 2999 3000
f 2998 3000 2990
f 2999 2987 2988
f 2999 2988 3000
f 3000 2988 2989
f 3000 2989 2990
o blue_tekhelet
v -18.400000 -42.000000 -31.000000
v -17.400000 -42.000000 -31.000000
v -17.400000 -42.000000 0.000000
v -18.400000 -42.000000 0.000000
v -17.900000 -41.133975 -31.000000
v -17.900000 -41.133975 0.000000
v -18.900000 -41.133975 -31.000000
v -18.900000 -41.133975 0.000000
v -19.400000 -42.000000 -31.000000
v -19.400000 -42.000000 0.000000
v -18.900000 -42.866025 -31.000000
v -18.900000 -42.866025 0.000000
v -17.900000 -42.866025 -31.000000
v -17.900000 -42.866025 0.000000
f 3002 3001 3005
f 3002 3005 3003
f 3003 3005 3006
f 3003 3006 3004
f 3005 3001 3007
f 3005 3007 3006
f 3006 3007 3008
f 3006 3008 3004
f 3007 3001 3009
f 3007 3009 3008
f 3008 3009 3010
f 3008 3010 3004
f 3009 3001 3011
f 3009 3011 3010
f 3010 3011 3012
f 3010 3012 3004
f 3011 3001 3013
f 3011 3013 3012
f 3012 3013 3014
f 3012 3014 3004
f 3013 3001 3002
f 3013 3002 3014
f 3014 3002 3003
f 3014 3003 3004
o white_tzitzit
v -24.550000 -42.000000 0.000000
v -23.830000 -42.000000 0.000000
v -23.830000 -42.000000 31.000000
v -24.550000 -42.000000 31.000000
v -24.190000 -41.376462 0.000000
v -24.190000 -41.376462 31.000000
v -24.910000 -41.376462 0.000000
v -24.910000 -41.376462 31.000000
v -25.270000 -42.000000 0.000000
v -25.270000 -42.000000 31.000000
v -24.910000 -42.623538 0.000000
v -24.910000 -42.623538 31.000000
v -24.190000 -42.623538 0.000000
v -24.190000 -42.623538 31.000000
f 3016 3015 3019
f 3016 3019 3017
f 3017 3019 3020
f 3017 3020 3018
f 3019 3015 3021
f 3019 3021 3020
f 3020 3021 3022
f 3020 3022 3018
f 3021 3015 3023
f 3021 3023 3022
f 3022 3023 3024
f 3022 3024 3018
f 3023 3015 3025
f 3023 3025 3024
f 3024 3025 3026
f 3024 3026 3018
f 3025 3015 3027
f 3025 3027 3026
f 3026 3027 3028
f 3026 3028 3018
f 3027 3015 3016
f 3027 3016 3028
f 3028 3016 3017
f 3028 3017 3018
o white_tzitzit
v -22.850000 -42.000000 0.000000
v -22.130000 -42.000000 0.000000
v -22.130000 -42.000000 31.000000
v -22.850000 -42.000000 31.000000
v -22.490000 -41.376462 0.000000
v -22.490000 -41.376462 31.000000
v -23.210000 -41.376462 0.000000
v -23.210000 -41.376462 31.000000
v -23.570000 -42.000000 0.000000
v -23.570000 -42.000000 31.000000
v -23.210000 -42.623538 0.000000
v -23.210000 -42.623538 31.000000
v -22.490000 -42.623538 0.000000
v -22.490000 -42.623538 31.000000
f 3030 3029 3033
f 3030 3033 3031
f 3031 3033 3034
f 3031 3034 3032
f 3033 3029 3035
f 3033 3035 3034
f 3034 3035 3036
f 3034 3036 3032
f 3035 3029 3037
f 3035 3037 3036
f 3036 3037 3038
f 3036 3038 3032
f 3037 3029 3039
f 3037 3039 3038
f 3038 3039 3040
f 3038 3040 3032
f 3039 3029 3041
f 3039 3041 3040
f 3040 3041 3042
f 3040 3042 3032
f 3041 3029 3030
f 3041 3030 3042
f 3042 3030 3031
f 3042 3031 3032
o white_tzitzit
v -21.150000 -42.000000 0.000000
v -20.430000 -42.000000 0.000000
v -20.430000 -42.000000 31.000000
v -21.150000 -42.000000 31.000000
v -20.790000 -41.376462 0.000000
v -20.790000 -41.376462 31.000000
v -21.510000 -41.376462 0.000000
v -21.510000 -41.376462 31.000000
v -21.870000 -42.000000 0.000000
v -21.870000 -42.000000 31.000000
v -21.510000 -42.623538 0.000000
v -21.510000 -42.623538 31.000000
v -20.790000 -42.623538 0.000000
v -20.790000 -42.623538 31.000000
f 3044 3043 3047
f 3044 3047 3045
f 3045 3047 3048
f 3045 3048 3046
f 3047 3043 3049
f 3047 3049 3048
f 3048 3049 3050
f 3048 3050 3046
f 3049 3043 3051
f 3049 3051 3050
f 3050 3051 3052
f 3050 3052 3046
f 3051 3043 3053
f 3051 3053 3052
f 3052 3053 3054
f 3052 3054 3046
f 3053 3043 3055
f 3053 3055 3054
f 3054 3055 3056
f 3054 3056 3046
f 3055 3043 3044
f 3055 3044 3056
f 3056 3044 3045
f 3056 3045 3046
o white_tzitzit
v -19.450000 -42.000000 0.000000
v -18.730000 -42.000000 0.000000
v -18.730000 -42.000000 31.000000
v -19.450000 -42.000000 31.000000
v -19.090000 -41.376462 0.000000
v -19.090000 -41.376462 31.000000
v -19.810000 -41.376462 0.000000
v -19.810000 -41.376462 31.000000
v -20.170000 -42.000000 0.000000
v -20.170000 -42.000000 31.000000
v -19.810000 -42.623538 0.000000
v -19.810000 -42.623538 31.000000
v -19.090000 -42.623538 0.000000
v -19.090000 -42.623538 31.000000
f 3058 3057 3061
f 3058 3061 3059
f 3059 3061 3062
f 3059 3062 3060
f 3061 3057 3063
f 3061 3063 3062
f 3062 3063 3064
f 3062 3064 3060
f 3063 3057 3065
f 3063 3065 3064
f 3064 3065 3066
f 3064 3066 3060
f 3065 3057 3067
f 3065 3067 3066
f 3066 3067 3068
f 3066 3068 3060
f 3067 3057 3069
f 3067 3069 3068
f 3068 3069 3070
f 3068 3070 3060
f 3069 3057 3058
f 3069 3058 3070
f 3070 3058 3059
f 3070 3059 3060
o blue_tekhelet
v -18.400000 -42.000000 0.000000
v -17.400000 -42.000000 0.000000
v -17.400000 -42.000000 31.000000
v -18.400000 -42.000000 31.000000
v -17.900000 -41.133975 0.000000
v -17.900000 -41.133975 31.000000
v -18.900000 -41.133975 0.000000
v -18.900000 -41.133975 31.000000
v -19.400000 -42.000000 0.000000
v -19.400000 -42.000000 31.000000
v -18.900000 -42.866025 0.000000
v -18.900000 -42.866025 31.000000
v -17.900000 -42.866025 0.000000
v -17.900000 -42.866025 31.000000
f 3072 3071 3075
f 3072 3075 3073
f 3073 3075 3076
f 3073 3076 3074
f 3075 3071 3077
f 3075 3077 3076
f 3076 3077 3078
f 3076 3078 3074
f 3077 3071 3079
f 3077 3079 3078
f 3078 3079 3080
f 3078 3080 3074
f 3079 3071 3081
f 3079 3081 3080
f 3080 3081 3082
f 3080 3082 3074
f 3081 3071 3083
f 3081 3083 3082
f 3082 3083 3084
f 3082 3084 3074
f 3083 3071 3072
f 3083 3072 3084
f 3084 3072 3073
f 3084 3073 3074
o white_tzitzit
v 19.450000 -42.000000 -31.000000
v 20.170000 -42.000000 -31.000000
v 20.170000 -42.000000 0.000000
v 19.450000 -42.000000 0.000000
v 19.810000 -41.376462 -31.000000
v 19.810000 -41.376462 0.000000
v 19.090000 -41.376462 -31.000000
v 19.090000 -41.376462 0.000000
v 18.730000 -42.000000 -31.000000
v 18.730000 -42.000000 0.000000
v 19.090000 -42.623538 -31.000000
v 19.090000 -42.623538 0.000000
v 19.810000 -42.623538 -31.000000
v 19.810000 -42.623538 0.000000
f 3086 3085 3089
f 3086 3089 3087
f 3087 3089 3090
f 3087 3090 3088
f 3089 3085 3091
f 3089 3091 3090
f 3090 3091 3092
f 3090 3092 3088
f 3091 3085 3093
f 3091 3093 3092
f 3092 3093 3094
f 3092 3094 3088
f 3093 3085 3095
f 3093 3095 3094
f 3094 3095 3096
f 3094 3096 3088
f 3095 3085 3097
f 3095 3097 3096
f 3096 3097 3098
f 3096 3098 3088
f 3097 3085 3086
f 3097 3086 3098
f 3098 3086 3087
f 3098 3087 3088
o white_tzitzit
v 21.150000 -42.000000 -31.000000
v 21.870000 -42.000000 -31.000000
v 21.870000 -42.000000 0.000000
v 21.150000 -42.000000 0.000000
v 21.510000 -41.376462 -31.000000
v 21.510000 -41.376462 0.000000
v 20.790000 -41.376462 -31.000000
v 20.790000 -41.376462 0.000000
v 20.430000 -42.000000 -31.000000
v 20.430000 -42.000000 0.000000
v 20.790000 -42.623538 -31.000000
v 20.790000 -42.623538 0.000000
v 21.510000 -42.623538 -31.000000
v 21.510000 -42.623538 0.000000
f 3100 3099 3103
f 3100 3103 3101
f 3101 3103 3104
f 3101 3104 3102
f 3103 3099 3105
f 3103 3105 3104
f 3104 3105 3106
f 3104 3106 3102
f 3105 3099 3107
f 3105 3107 3106
f 3106 3107 3108
f 3106 3108 3102
f 3107 3099 3109
f 3107 3109 3108
f 3108 3109 3110
f 3108 3110 3102
f 3109 3099 3111
f 3109 3111 3110
f 3110 3111 3112
f 3110 3112 3102
f 3111 3099 3100
f 3111 3100 3112
f 3112 3100 3101
f 3112 3101 3102
o white_tzitzit
v 22.850000 -42.000000 -31.000000
v 23.570000 -42.000000 -31.000000
v 23.570000 -42.000000 0.000000
v 22.850000 -42.000000 0.000000
v 23.210000 -41.376462 -31.000000
v 23.210000 -41.376462 0.000000
v 22.490000 -41.376462 -31.000000
v 22.490000 -41.376462 0.000000
v 22.130000 -42.000000 -31.000000
v 22.130000 -42.000000 0.000000
v 22.490000 -42.623538 -31.000000
v 22.490000 -42.623538 0.000000
v 23.210000 -42.623538 -31.000000
v 23.210000 -42.623538 0.000000
f 3114 3113 3117
f 3114 3117 3115
f 3115 3117 3118
f 3115 3118 3116
f 3117 3113 3119
f 3117 3119 3118
f 3118 3119 3120
f 3118 3120 3116
f 3119 3113 3121
f 3119 3121 3120
f 3120 3121 3122
f 3120 3122 3116
f 3121 3113 3123
f 3121 3123 3122
f 3122 3123 3124
f 3122 3124 3116
f 3123 3113 3125
f 3123 3125 3124
f 3124 3125 3126
f 3124 3126 3116
f 3125 3113 3114
f 3125 3114 3126
f 3126 3114 3115
f 3126 3115 3116
o white_tzitzit
v 24.550000 -42.000000 -31.000000
v 25.270000 -42.000000 -31.000000
v 25.270000 -42.000000 0.000000
v 24.550000 -42.000000 0.000000
v 24.910000 -41.376462 -31.000000
v 24.910000 -41.376462 0.000000
v 24.190000 -41.376462 -31.000000
v 24.190000 -41.376462 0.000000
v 23.830000 -42.000000 -31.000000
v 23.830000 -42.000000 0.000000
v 24.190000 -42.623538 -31.000000
v 24.190000 -42.623538 0.000000
v 24.910000 -42.623538 -31.000000
v 24.910000 -42.623538 0.000000
f 3128 3127 3131
f 3128 3131 3129
f 3129 3131 3132
f 3129 3132 3130
f 3131 3127 3133
f 3131 3133 3132
f 3132 3133 3134
f 3132 3134 3130
f 3133 3127 3135
f 3133 3135 3134
f 3134 3135 3136
f 3134 3136 3130
f 3135 3127 3137
f 3135 3137 3136
f 3136 3137 3138
f 3136 3138 3130
f 3137 3127 3139
f 3137 3139 3138
f 3138 3139 3140
f 3138 3140 3130
f 3139 3127 3128
f 3139 3128 3140
f 3140 3128 3129
f 3140 3129 3130
o blue_tekhelet
v 25.600000 -42.000000 -31.000000
v 26.600000 -42.000000 -31.000000
v 26.600000 -42.000000 0.000000
v 25.600000 -42.000000 0.000000
v 26.100000 -41.133975 -31.000000
v 26.100000 -41.133975 0.000000
v 25.100000 -41.133975 -31.000000
v 25.100000 -41.133975 0.000000
v 24.600000 -42.000000 -31.000000
v 24.600000 -42.000000 0.000000
v 25.100000 -42.866025 -31.000000
v 25.100000 -42.866025 0.000000
v 26.100000 -42.866025 -31.000000
v 26.100000 -42.866025 0.000000
f 3142 3141 3145
f 3142 3145 3143
f 3143 3145 3146
f 3143 3146 3144
f 3145 3141 3147
f 3145 3147 3146
f 3146 3147 3148
f 3146 3148 3144
f 3147 3141 3149
f 3147 3149 3148
f 3148 3149 3150
f 3148 3150 3144
f 3149 3141 3151
f 3149 3151 3150
f 3150 3151 3152
f 3150 3152 3144
f 3151 3141 3153
f 3151 3153 3152
f 3152 3153 3154
f 3152 3154 3144
f 3153 3141 3142
f 3153 3142 3154
f 3154 3142 3143
f 3154 3143 3144
o white_tzitzit
v 19.450000 -42.000000 0.000000
v 20.170000 -42.000000 0.000000
v 20.170000 -42.000000 31.000000
v 19.450000 -42.000000 31.000000
v 19.810000 -41.376462 0.000000
v 19.810000 -41.376462 31.000000
v 19.090000 -41.376462 0.000000
v 19.090000 -41.376462 31.000000
v 18.730000 -42.000000 0.000000
v 18.730000 -42.000000 31.000000
v 19.090000 -42.623538 0.000000
v 19.090000 -42.623538 31.000000
v 19.810000 -42.623538 0.000000
v 19.810000 -42.623538 31.000000
f 3156 3155 3159
f 3156 3159 3157
f 3157 3159 3160
f 3157 3160 3158
f 3159 3155 3161
f 3159 3161 3160
f 3160 3161 3162
f 3160 3162 3158
f 3161 3155 3163
f 3161 3163 3162
f 3162 3163 3164
f 3162 3164 3158
f 3163 3155 3165
f 3163 3165 3164
f 3164 3165 3166
f 3164 3166 3158
f 3165 3155 3167
f 3165 3167 3166
f 3166 3167 3168
f 3166 3168 3158
f 3167 3155 3156
f 3167 3156 3168
f 3168 3156 3157
f 3168 3157 3158
o white_tzitzit
v 21.150000 -42.000000 0.000000
v 21.870000 -42.000000 0.000000
v 21.870000 -42.000000 31.000000
v 21.150000 -42.000000 31.000000
v 21.510000 -41.376462 0.000000
v 21.510000 -41.376462 31.000000
v 20.790000 -41.376462 0.000000
v 20.790000 -41.376462 31.000000
v 20.430000 -42.000000 0.000000
v 20.430000 -42.000000 31.000000
v 20.790000 -42.623538 0.000000
v 20.790000 -42.623538 31.000000
v 21.510000 -42.623538 0.000000
v 21.510000 -42.623538 31.000000
f 3170 3169 3173
f 3170 3173 3171
f 3171 3173 3174
f 3171 3174 3172
f 3173 3169 3175
f 3173 3175 3174
f 3174 3175 3176
f 3174 3176 3172
f 3175 3169 3177
f 3175 3177 3176
f 3176 3177 3178
f 3176 3178 3172
f 3177 3169 3179
f 3177 3179 3178
f 3178 3179 3180
f 3178 3180 3172
f 3179 3169 3181
f 3179 3181 3180
f 3180 3181 3182
f 3180 3182 3172
f 3181 3169 3170
f 3181 3170 3182
f 3182 3170 3171
f 3182 3171 3172
o white_tzitzit
v 22.850000 -42.000000 0.000000
v 23.570000 -42.000000 0.000000
v 23.570000 -42.000000 31.000000
v 22.850000 -42.000000 31.000000
v 23.210000 -41.376462 0.000000
v 23.210000 -41.376462 31.000000
v 22.490000 -41.376462 0.000000
v 22.490000 -41.376462 31.000000
v 22.130000 -42.000000 0.000000
v 22.130000 -42.000000 31.000000
v 22.490000 -42.623538 0.000000
v 22.490000 -42.623538 31.000000
v 23.210000 -42.623538 0.000000
v 23.210000 -42.623538 31.000000
f 3184 3183 3187
f 3184 3187 3185
f 3185 3187 3188
f 3185 3188 3186
f 3187 3183 3189
f 3187 3189 3188
f 3188 3189 3190
f 3188 3190 3186
f 3189 3183 3191
f 3189 3191 3190
f 3190 3191 3192
f 3190 3192 3186
f 3191 3183 3193
f 3191 3193 3192
f 3192 3193 3194
f 3192 3194 3186
f 3193 3183 3195
f 3193 3195 3194
f 3194 3195 3196
f 3194 3196 3186
f 3195 3183 3184
f 3195 3184 3196
f 3196 3184 3185
f 3196 3185 3186
o white_tzitzit
v 24.550000 -42.000000 0.000000
v 25.270000 -42.000000 0.000000
v 25.270000 -42.000000 31.000000
v 24.550000 -42.000000 31.000000
v 24.910000 -41.376462 0.000000
v 24.910000 -41.376462 31.000000
v 24.190000 -41.376462 0.000000
v 24.190000 -41.376462 31.000000
v 23.830000 -42.000000 0.000000
v 23.830000 -42.000000 31.000000
v 24.190000 -42.623538 0.000000
v 24.190000 -42.623538 31.000000
v 24.910000 -42.623538 0.000000
v 24.910000 -42.623538 31.000000
f 3198 3197 3201
f 3198 3201 3199
f 3199 3201 3202
f 3199 3202 3200
f 3201 3197 3203
f 3201 3203 3202
f 3202 3203 3204
f 3202 3204 3200
f 3203 3197 3205
f 3203 3205 3204
f 3204 3205 3206
f 3204 3206 3200
f 3205 3197 3207
f 3205 3207 3206
f 3206 3207 3208
f 3206 3208 3200
f 3207 3197 3209
f 3207 3209 3208
f 3208 3209 3210
f 3208 3210 3200
f 3209 3197 3198
f 3209 3198 3210
f 3210 3198 3199
f 3210 3199 3200
o blue_tekhelet
v 25.600000 -42.000000 0.000000
v 26.600000 -42.000000 0.000000
v 26.600000 -42.000000 31.000000
v 25.600000 -42.000000 31.000000
v 26.100000 -41.133975 0.000000
v 26.100000 -41.133975 31.000000
v 25.100000 -41.133975 0.000000
v 25.100000 -41.133975 31.000000
v 24.600000 -42.000000 0.000000
v 24.600000 -42.000000 31.000000
v 25.100000 -42.866025 0.000000
v 25.100000 -42.866025 31.000000
v 26.100000 -42.866025 0.000000
v 26.100000 -42.866025 31.000000
f 3212 3211 3215
f 3212 3215 3213
f 3213 3215 3216
f 3213 3216 3214
f 3215 3211 3217
f 3215 3217 3216
f 3216 3217 3218
f 3216 3218 3214
f 3217 3211 3219
f 3217 3219 3218
f 3218 3219 3220
f 3218 3220 3214
f 3219 3211 3221
f 3219 3221 3220
f 3220 3221 3222
f 3220 3222 3214
f 3221 3211 3223
f 3221 3223 3222
f 3222 3223 3224
f 3222 3224 3214
f 3223 3211 3212
f 3223 3212 3224
f 3224 3212 3213
f 3224 3213 3214
o leather_sling_pouch
v -35.000000 -9.500000 -16.500000
v -35.000000 -9.500000 -11.500000
v -35.000000 5.500000 -16.500000
v -35.000000 5.500000 -11.500000
v -25.000000 -9.500000 -16.500000
v -25.000000 -9.500000 -11.500000
v -25.000000 5.500000 -16.500000
v -25.000000 5.500000 -11.500000
f 3226 3228 3225
f 3229 3226 3225
f 3225 3228 3227
f 3227 3229 3225
f 3226 3232 3228
f 3230 3226 3229
f 3230 3232 3226
f 3228 3232 3227
f 3231 3229 3227
f 3227 3232 3231
f 3231 3230 3229
f 3232 3230 3231
